<?xml version="1.0" encoding="UTF-8"?>
<package kind='package' name='ti.catalog.peripherals.hdvicp2' nodoc='0' root='../../../../' summary='HD+Video+Coprocessor+support'>
    <line tab='0' content='%3Cspan+class%3D%22xdoc-kw1%22%3Epackage%3C%2Fspan%3E+%3Cgo%3E%3Cspan+class%3D%22xdoc-id%22%3Eti.catalog.peripherals.hdvicp2%3C%2Fspan%3E%3C%2Fgo%3E+%7B'/>
    <line tab='0' content='%7D'/>
    <unit name='HDVICP2' kind='module' nodoc='0' metaonly='1' summary='HD+Video+Coprocessor' inherits='xdc.platform.IPeripheral'>
        <synopSpec>
            <line tab='0' content='%3Cspan+class%3D%22xdoc-kw1%22%3Epackage%3C%2Fspan%3E+%3Ca+class%3D%22xdoc-link%22+href%3D%22..%2F..%2F..%2F..%2Fti%2Fcatalog%2Fperipherals%2Fhdvicp2%2Fpackage.html%22+title%3D%22ti.catalog.peripherals.hdvicp2%22%3Eti.catalog.peripherals.hdvicp2%3C%2Fa%3E%3B'/>
            <line blank='1' always='0'/>
            <line tab='0' content='%3Cspan+class%3D%22xdoc-kw1%22%3Emetaonly+%3C%2Fspan%3E%3Cspan+class%3D%22xdoc-kw1%22%3Emodule%3C%2Fspan%3E+%3Cgo%3E%3Cspan+class%3D%22xdoc-id%22%3EHDVICP2%3C%2Fspan%3E%3C%2Fgo%3E%3Cspan+class%3D%22xdoc-kw1%22%3E+inherits+%3C%2Fspan%3E%3Ca+class%3D%22xdoc-link%22+href%3D%22..%2F..%2F..%2F..%2Fxdc%2Fplatform%2FIPeripheral.html%22+title%3D%22xdc.platform.IPeripheral%22%3EIPeripheral%3C%2Fa%3E+%7B'/>
            <line tab='0' content='%7D'/>
        </synopSpec>
        <specInfo>
            <line tab='0' content='%3Cspan+class%3D%22xdoc-kw1%22%3Emetaonly+%3C%2Fspan%3E%3Cspan+class%3D%22xdoc-kw1%22%3Emodule%3C%2Fspan%3E+%3Cgo%3E%3Cspan+class%3D%22xdoc-id%22%3EHDVICP2%3C%2Fspan%3E%3C%2Fgo%3E+%7B%3Cb%3E%26nbsp%3B%26nbsp%3B...%3C%2Fb%3E'/>
            <line tab='0' comment='inherits+%3Ca+class%3D%22xdoc-link%22+href%3D%22..%2F..%2F..%2F..%2Fxdc%2Fplatform%2FIPeripheral.html%22+title%3D%22xdc.platform.IPeripheral%22%3Exdc.platform.IPeripheral%3C%2Fa%3E'/>
            <line tab='0' content='%3Cspan+class%3D%22xdoc-kw1%22%3Einstance%3C%2Fspan%3E%3A%3Cb%3E%26nbsp%3B%26nbsp%3B...%3C%2Fb%3E'/>
        </specInfo>
        <synopMeta>
            <line tab='0' content='%3Cspan+class%3D%22xdoc-kw1%22%3Evar%3C%2Fspan%3E+HDVICP2+%3D+%3Cspan+class%3D%22xdoc-kw3%22%3Exdc.useModule%3C%2Fspan%3E%28%3Cspan+class%3D%22xdoc-id%22%3E%27ti.catalog.peripherals.hdvicp2.HDVICP2%27%3C%2Fspan%3E%29%3B'/>
        </synopMeta>
        <group name='module-wide constants &amp; types'>
            <decl spacer='1'/>
            <decl kind='typedef' name='IPeripheralArray' anchor='.I.Peripheral.Array' altext='ti.catalog.peripherals.hdvicp2.HDVICP2.IPeripheralArray' nodoc='0' external='1' overrides='0' readonly='0' instance='0' summary='' origin='%3Ca+class%3D%22xdoc-link%22+href%3D%22..%2F..%2F..%2F..%2Fxdc%2Fplatform%2FIPeripheral.html%23.I.Peripheral.Array%22+title%3D%22xdc.platform.IPeripheral.IPeripheralArray%22%3EIPeripheral%3C%2Fa%3E'>
                <synopSpec>
                    <line tab='0' content='%3Cspan+class%3D%22xdoc-kw1%22%3Etypedef%3C%2Fspan%3E+%3Ca+class%3D%22xdoc-link%22+href%3D%22..%2F..%2F..%2F..%2Fxdc%2Fplatform%2FIPeripheral.html%23.Instance%22+title%3D%22xdc.platform.IPeripheral.Instance%22%3EIPeripheral.Instance%3C%2Fa%3E%26nbsp%3B%3Cgo%3E%3Cspan+class%3D%22xdoc-id%22%3EIPeripheralArray%3C%2Fspan%3E%3C%2Fgo%3E%5B%3Cspan+class%3D%22xdoc-kw2%22%3E%3C%2Fspan%3E%5D%3B'/>
                </synopSpec>
                <synopTarg>
                    <line tab='0' content='%3Cspan+class%3D%22xdoc-kw1%22%3Etypedef%3C%2Fspan%3E+%3Ca+class%3D%22xdoc-link%22+href%3D%22..%2F..%2F..%2F..%2Fxdc%2Fplatform%2FIPeripheral.html%23.Instance%22+title%3D%22xdc.platform.IPeripheral.Instance%22%3EIPeripheral_Instance%3C%2Fa%3E%26nbsp%3B%3Cgo%3E%3Cspan+class%3D%22xdoc-id%22%3EHDVICP2_IPeripheralArray%3C%2Fspan%3E%3C%2Fgo%3E%5B%3Cspan+class%3D%22xdoc-kw2%22%3E%3C%2Fspan%3E%5D%3B'/>
                </synopTarg>
            </decl>
            <decl kind='typedef' name='StringArray' anchor='.String.Array' altext='ti.catalog.peripherals.hdvicp2.HDVICP2.StringArray' nodoc='0' external='1' overrides='0' readonly='0' instance='0' summary='' origin='%3Ca+class%3D%22xdoc-link%22+href%3D%22..%2F..%2F..%2F..%2Fxdc%2Fplatform%2FIPeripheral.html%23.String.Array%22+title%3D%22xdc.platform.IPeripheral.StringArray%22%3EIPeripheral%3C%2Fa%3E'>
                <synopSpec>
                    <line tab='0' content='%3Cspan+class%3D%22xdoc-kw1%22%3Etypedef%3C%2Fspan%3E+%3Cspan+class%3D%22xdoc-kw2%22%3EString%3C%2Fspan%3E%26nbsp%3B%3Cgo%3E%3Cspan+class%3D%22xdoc-id%22%3EStringArray%3C%2Fspan%3E%3C%2Fgo%3E%5B%3Cspan+class%3D%22xdoc-kw2%22%3E%3C%2Fspan%3E%5D%3B'/>
                </synopSpec>
                <synopTarg>
                    <line tab='0' content='%3Cspan+class%3D%22xdoc-kw1%22%3Etypedef%3C%2Fspan%3E+%3Cspan+class%3D%22xdoc-kw2%22%3EString%3C%2Fspan%3E%26nbsp%3B%3Cgo%3E%3Cspan+class%3D%22xdoc-id%22%3EHDVICP2_StringArray%3C%2Fspan%3E%3C%2Fgo%3E%5B%3Cspan+class%3D%22xdoc-kw2%22%3E%3C%2Fspan%3E%5D%3B'/>
                </synopTarg>
            </decl>
        </group>
        <group name='module-wide config parameters'>
            <decl spacer='1'/>
            <decl spacer='1'/>
            <decl spacer='1'/>
        </group>
        <group name='module-wide data'>
        </group>
        <group name='module-wide functions'>
            <decl spacer='1'/>
            <decl kind='fxn' name='addPeripheralsMap' anchor='add.Peripherals.Map' altext='ti.catalog.peripherals.hdvicp2.HDVICP2.addPeripheralsMap' nodoc='1' external='1' overrides='0' readonly='0' instance='0' summary='' origin='%3Ca+class%3D%22xdoc-link%22+href%3D%22..%2F..%2F..%2F..%2Fxdc%2Fplatform%2FIPeripheral.html%23add.Peripherals.Map%22+title%3D%22xdc.platform.IPeripheral.addPeripheralsMap%22%3EIPeripheral%3C%2Fa%3E'>
                <synopSpec>
                    <line tab='0' content='%3Cspan+class%3D%22xdoc-kw2%22%3EVoid%3C%2Fspan%3E%26nbsp%3B%3Cgo%3E%3Cspan+class%3D%22xdoc-id%22%3EaddPeripheralsMap%3C%2Fspan%3E%3C%2Fgo%3E%28+%3Ca+class%3D%22xdoc-link%22+href%3D%22..%2F..%2F..%2F..%2Fxdc%2Fplatform%2FICpuDataSheet.html%23.Instance%22+title%3D%22xdc.platform.ICpuDataSheet.Instance%22%3EICpuDataSheet.Instance%3C%2Fa%3E%26nbsp%3B%3Cgo%3E%3Cspan+class%3D%22xdoc-id%22%3Ecds%3C%2Fspan%3E%3C%2Fgo%3E+%29%3B'/>
                </synopSpec>
                <synopMeta>
                    <line tab='0' content='%3Cgo%3EHDVICP2.%3Cspan+class%3D%22xdoc-id%22%3EaddPeripheralsMap%3C%2Fspan%3E%3C%2Fgo%3E%28+%3Ci%3E%3Ca+class%3D%22xdoc-link%22+href%3D%22..%2F..%2F..%2F..%2Fxdc%2Fplatform%2FICpuDataSheet.html%23.Instance%22+title%3D%22xdc.platform.ICpuDataSheet.Instance%22%3EICpuDataSheet.Instance%3C%2Fa%3E%3C%2Fi%3E+%3Cgo%3E%3Cspan+class%3D%22xdoc-id%22%3Ecds%3C%2Fspan%3E%3C%2Fgo%3E+%29+%3Ci%3Ereturns%3C%2Fi%3E+%3Ci%3E%3Cspan+class%3D%22xdoc-kw2%22%3EVoid%3C%2Fspan%3E%3C%2Fi%3E'/>
                </synopMeta>
            </decl>
            <decl kind='fxn' name='getAll' anchor='get.All' altext='ti.catalog.peripherals.hdvicp2.HDVICP2.getAll' nodoc='0' external='1' overrides='0' readonly='0' instance='0' summary='Find+all+peripherals+of+a+certain+type' origin='%3Ca+class%3D%22xdoc-link%22+href%3D%22..%2F..%2F..%2F..%2Fxdc%2Fplatform%2FIPeripheral.html%23get.All%22+title%3D%22xdc.platform.IPeripheral.getAll%22%3EIPeripheral%3C%2Fa%3E'>
                <synopSpec>
                    <line tab='0' content='%3Ca+class%3D%22xdoc-link%22+href%3D%22..%2F..%2F..%2F..%2Fxdc%2Fplatform%2FIPeripheral.html%23.I.Peripheral.Array%22+title%3D%22xdc.platform.IPeripheral.IPeripheralArray%22%3EIPeripheral.IPeripheralArray%3C%2Fa%3E%26nbsp%3B%3Cgo%3E%3Cspan+class%3D%22xdoc-id%22%3EgetAll%3C%2Fspan%3E%3C%2Fgo%3E%28++%29%3B'/>
                </synopSpec>
                <synopMeta>
                    <line tab='0' content='%3Cgo%3EHDVICP2.%3Cspan+class%3D%22xdoc-id%22%3EgetAll%3C%2Fspan%3E%3C%2Fgo%3E%28++%29+%3Ci%3Ereturns%3C%2Fi%3E+%3Ci%3E%3Ca+class%3D%22xdoc-link%22+href%3D%22..%2F..%2F..%2F..%2Fxdc%2Fplatform%2FIPeripheral.html%23.Instance%22+title%3D%22xdc.platform.IPeripheral.Instance%22%3EIPeripheral.Instance%3C%2Fa%3E%5B%3Cspan+class%3D%22xdoc-kw2%22%3E%3C%2Fspan%3E%5D%3C%2Fi%3E'/>
                </synopMeta>
                <docSect name='details'>
                    <docPara content='The+type+of+the+peripherals+returned+is+defined+by+the+type+of+the%0A++caller.'/>
                </docSect>
                <docSect name='returns'>
                    <docPara content='Returns+an+array+of+IPeripheral+instances'/>
                </docSect>
            </decl>
            <decl kind='fxn' name='getRegisters' anchor='get.Registers' altext='ti.catalog.peripherals.hdvicp2.HDVICP2.getRegisters' nodoc='0' external='1' overrides='0' readonly='0' instance='0' summary='Find+all+registers+defined+by+the+peripheral' origin='%3Ca+class%3D%22xdoc-link%22+href%3D%22..%2F..%2F..%2F..%2Fxdc%2Fplatform%2FIPeripheral.html%23get.Registers%22+title%3D%22xdc.platform.IPeripheral.getRegisters%22%3EIPeripheral%3C%2Fa%3E'>
                <synopSpec>
                    <line tab='0' content='%3Ca+class%3D%22xdoc-link%22+href%3D%22..%2F..%2F..%2F..%2Fxdc%2Fplatform%2FIPeripheral.html%23.String.Array%22+title%3D%22xdc.platform.IPeripheral.StringArray%22%3EIPeripheral.StringArray%3C%2Fa%3E%26nbsp%3B%3Cgo%3E%3Cspan+class%3D%22xdoc-id%22%3EgetRegisters%3C%2Fspan%3E%3C%2Fgo%3E%28++%29%3B'/>
                </synopSpec>
                <synopMeta>
                    <line tab='0' content='%3Cgo%3EHDVICP2.%3Cspan+class%3D%22xdoc-id%22%3EgetRegisters%3C%2Fspan%3E%3C%2Fgo%3E%28++%29+%3Ci%3Ereturns%3C%2Fi%3E+%3Ci%3E%3Cspan+class%3D%22xdoc-kw2%22%3EString%3C%2Fspan%3E%5B%3Cspan+class%3D%22xdoc-kw2%22%3E%3C%2Fspan%3E%5D%3C%2Fi%3E'/>
                </synopMeta>
                <docSect name='returns'>
                    <docPara content='Returns+an+array+of+register+names'/>
                </docSect>
            </decl>
        </group>
        <group name='$instance'>
            <synopSpec>
                <line tab='0' content='%3Cspan+class%3D%22xdoc-kw1%22%3Einstance%3C%2Fspan%3E%3A'/>
                <line blank='1' always='0'/>
            </synopSpec>
        </group>
        <group name='per-instance config parameters'>
            <synopMeta>
                <line tab='0' comment='Instance+config-params+object' content='%3Cspan+class%3D%22xdoc-kw1%22%3Evar%3C%2Fspan%3E+params+%3D+%3Cspan+class%3D%22xdoc-kw1%22%3Enew%3C%2Fspan%3E+HDVICP2.%3Cgo%3E%3Cspan+class%3D%22xdoc-id%22%3EParams%3C%2Fspan%3E%3C%2Fgo%3E%3B'/>
                <line tab='1' comment='Address+of+the+peripheral%27s+control+register' anchor='base.Addr' altext='ti.catalog.peripherals.hdvicp2.HDVICP2.baseAddr' content='params.%3Cgo%3E%3Cspan+class%3D%22xdoc-id%22%3EbaseAddr%3C%2Fspan%3E%3C%2Fgo%3E+%3D+%3Ci%3E%3Cspan+class%3D%22xdoc-kw2%22%3EUInt%3C%2Fspan%3E%3C%2Fi%3E+%3Cspan+class%3D%22xdoc-kw2%22%3Eundefined%3C%2Fspan%3E%3B'/>
                <line tab='1' comment='Transfer+completion+Interrupt+source+number' anchor='int.Num' altext='ti.catalog.peripherals.hdvicp2.HDVICP2.intNum' content='params.%3Cgo%3E%3Cspan+class%3D%22xdoc-id%22%3EintNum%3C%2Fspan%3E%3C%2Fgo%3E+%3D+%3Ci%3E%3Cspan+class%3D%22xdoc-kw2%22%3EUInt%3C%2Fspan%3E%3C%2Fi%3E+%3Cspan+class%3D%22xdoc-kw2%22%3Eundefined%3C%2Fspan%3E%3B'/>
                <line tab='1' comment='Specific+peripheral+name+given+by+the+device' anchor='name' altext='xdc.platform.IPeripheral.name' content='params.%3Cgo%3E%3Cspan+class%3D%22xdoc-id%22%3Ename%3C%2Fspan%3E%3C%2Fgo%3E+%3D+%3Ci%3E%3Cspan+class%3D%22xdoc-kw2%22%3EString%3C%2Fspan%3E%3C%2Fi%3E+%3Cspan+class%3D%22xdoc-kw2%22%3Eundefined%3C%2Fspan%3E%3B'/>
                <line tab='1' comment='String+specifying+the+entity+that+manages+the+peripheral' anchor='owner' altext='xdc.platform.IPeripheral.owner' content='params.%3Cgo%3E%3Cspan+class%3D%22xdoc-id%22%3Eowner%3C%2Fspan%3E%3C%2Fgo%3E+%3D+%3Ci%3E%3Cspan+class%3D%22xdoc-kw2%22%3EString%3C%2Fspan%3E%3C%2Fi%3E+%3Cspan+class%3D%22xdoc-kw2%22%3Eundefined%3C%2Fspan%3E%3B'/>
            </synopMeta>
            <decl spacer='1'/>
            <decl kind='config' name='baseAddr' anchor='base.Addr' altext='ti.catalog.peripherals.hdvicp2.HDVICP2.baseAddr' nodoc='0' external='1' overrides='0' readonly='0' instance='1' summary='Address+of+the+peripheral%27s+control+register'>
                <synopSpec>
                    <line tab='0' content='%3Cspan+class%3D%22xdoc-kw1%22%3Econfig%3C%2Fspan%3E+%3Cspan+class%3D%22xdoc-kw2%22%3EUInt%3C%2Fspan%3E%26nbsp%3B%3Cgo%3E%3Cspan+class%3D%22xdoc-id%22%3EbaseAddr%3C%2Fspan%3E%3C%2Fgo%3E%3B'/>
                </synopSpec>
                <synopMeta>
                    <line tab='0' content='%3Cspan+class%3D%22xdoc-kw1%22%3Evar%3C%2Fspan%3E+params+%3D+%3Cspan+class%3D%22xdoc-kw1%22%3Enew%3C%2Fspan%3E+HDVICP2.%3Cgo%3E%3Cspan+class%3D%22xdoc-id%22%3EParams%3C%2Fspan%3E%3C%2Fgo%3E%3B'/>
                    <line tab='0' content='%3Cb%3E%26nbsp%3B%26nbsp%3B...%3C%2Fb%3E'/>
                    <line tab='0' content='%3Cgo%3Eparams.%3Cspan+class%3D%22xdoc-id%22%3EbaseAddr%3C%2Fspan%3E%3C%2Fgo%3E+%3D+%3Ci%3E%3Cspan+class%3D%22xdoc-kw2%22%3EUInt%3C%2Fspan%3E%3C%2Fi%3E+%3Cspan+class%3D%22xdoc-kw2%22%3Eundefined%3C%2Fspan%3E%3B'/>
                </synopMeta>
                <docSect name='details'>
                    <docPara content='A+peripheral%27s+registers+are+commonly+accessed+through+a+structure%0A++that+defines+the+offsets+of+a+particular+register+from+the+lowest%0A++address+mapped+to+a+peripheral.+That+lowest+address+is+specified+by%0A++this+parameter.'/>
                </docSect>
            </decl>
            <decl kind='config' name='intNum' anchor='int.Num' altext='ti.catalog.peripherals.hdvicp2.HDVICP2.intNum' nodoc='0' external='1' overrides='0' readonly='0' instance='1' summary='Transfer+completion+Interrupt+source+number'>
                <synopSpec>
                    <line tab='0' content='%3Cspan+class%3D%22xdoc-kw1%22%3Econfig%3C%2Fspan%3E+%3Cspan+class%3D%22xdoc-kw2%22%3EUInt%3C%2Fspan%3E%26nbsp%3B%3Cgo%3E%3Cspan+class%3D%22xdoc-id%22%3EintNum%3C%2Fspan%3E%3C%2Fgo%3E%3B'/>
                </synopSpec>
                <synopMeta>
                    <line tab='0' content='%3Cspan+class%3D%22xdoc-kw1%22%3Evar%3C%2Fspan%3E+params+%3D+%3Cspan+class%3D%22xdoc-kw1%22%3Enew%3C%2Fspan%3E+HDVICP2.%3Cgo%3E%3Cspan+class%3D%22xdoc-id%22%3EParams%3C%2Fspan%3E%3C%2Fgo%3E%3B'/>
                    <line tab='0' content='%3Cb%3E%26nbsp%3B%26nbsp%3B...%3C%2Fb%3E'/>
                    <line tab='0' content='%3Cgo%3Eparams.%3Cspan+class%3D%22xdoc-id%22%3EintNum%3C%2Fspan%3E%3C%2Fgo%3E+%3D+%3Ci%3E%3Cspan+class%3D%22xdoc-kw2%22%3EUInt%3C%2Fspan%3E%3C%2Fi%3E+%3Cspan+class%3D%22xdoc-kw2%22%3Eundefined%3C%2Fspan%3E%3B'/>
                </synopMeta>
            </decl>
            <decl kind='config' name='name' anchor='name' altext='ti.catalog.peripherals.hdvicp2.HDVICP2.name' nodoc='0' external='1' overrides='0' readonly='0' instance='1' summary='Specific+peripheral+name+given+by+the+device' origin='%3Ca+class%3D%22xdoc-link%22+href%3D%22..%2F..%2F..%2F..%2Fxdc%2Fplatform%2FIPeripheral.html%23name%22+title%3D%22xdc.platform.IPeripheral.name%22%3EIPeripheral%3C%2Fa%3E'>
                <synopSpec>
                    <line tab='0' content='%3Cspan+class%3D%22xdoc-kw1%22%3Econfig%3C%2Fspan%3E+%3Cspan+class%3D%22xdoc-kw2%22%3EString%3C%2Fspan%3E%26nbsp%3B%3Cgo%3E%3Cspan+class%3D%22xdoc-id%22%3Ename%3C%2Fspan%3E%3C%2Fgo%3E%3B'/>
                </synopSpec>
                <synopMeta>
                    <line tab='0' content='%3Cspan+class%3D%22xdoc-kw1%22%3Evar%3C%2Fspan%3E+params+%3D+%3Cspan+class%3D%22xdoc-kw1%22%3Enew%3C%2Fspan%3E+HDVICP2.%3Cgo%3E%3Cspan+class%3D%22xdoc-id%22%3EParams%3C%2Fspan%3E%3C%2Fgo%3E%3B'/>
                    <line tab='0' content='%3Cb%3E%26nbsp%3B%26nbsp%3B...%3C%2Fb%3E'/>
                    <line tab='0' content='%3Cgo%3Eparams.%3Cspan+class%3D%22xdoc-id%22%3Ename%3C%2Fspan%3E%3C%2Fgo%3E+%3D+%3Ci%3E%3Cspan+class%3D%22xdoc-kw2%22%3EString%3C%2Fspan%3E%3C%2Fi%3E+%3Cspan+class%3D%22xdoc-kw2%22%3Eundefined%3C%2Fspan%3E%3B'/>
                </synopMeta>
                <docSect name='details'>
                    <docPara content='Devices+can+have+more+than+one+peripheral+of+the+same+type.+In+such%0A++cases%2C+device+data+sheets+give+different+names+to+the+instances+of+a%0A++same+peripheral.+For+example%2C+the+name+for+a+timer+module+could+be%0A++%3Ctt%3ETimerA3%3C%2Ftt%3E%2C+and+a+device+that+has+two+such+timers+can+name+them+%3Ctt%3ETA0%3C%2Ftt%3E%0A++and+%3Ctt%3ETA1%3C%2Ftt%3E.'/>
                </docSect>
            </decl>
            <decl kind='config' name='owner' anchor='owner' altext='ti.catalog.peripherals.hdvicp2.HDVICP2.owner' nodoc='0' external='1' overrides='0' readonly='0' instance='1' summary='String+specifying+the+entity+that+manages+the+peripheral' origin='%3Ca+class%3D%22xdoc-link%22+href%3D%22..%2F..%2F..%2F..%2Fxdc%2Fplatform%2FIPeripheral.html%23owner%22+title%3D%22xdc.platform.IPeripheral.owner%22%3EIPeripheral%3C%2Fa%3E'>
                <synopSpec>
                    <line tab='0' content='%3Cspan+class%3D%22xdoc-kw1%22%3Econfig%3C%2Fspan%3E+%3Cspan+class%3D%22xdoc-kw2%22%3EString%3C%2Fspan%3E%26nbsp%3B%3Cgo%3E%3Cspan+class%3D%22xdoc-id%22%3Eowner%3C%2Fspan%3E%3C%2Fgo%3E%3B'/>
                </synopSpec>
                <synopMeta>
                    <line tab='0' content='%3Cspan+class%3D%22xdoc-kw1%22%3Evar%3C%2Fspan%3E+params+%3D+%3Cspan+class%3D%22xdoc-kw1%22%3Enew%3C%2Fspan%3E+HDVICP2.%3Cgo%3E%3Cspan+class%3D%22xdoc-id%22%3EParams%3C%2Fspan%3E%3C%2Fgo%3E%3B'/>
                    <line tab='0' content='%3Cb%3E%26nbsp%3B%26nbsp%3B...%3C%2Fb%3E'/>
                    <line tab='0' content='%3Cgo%3Eparams.%3Cspan+class%3D%22xdoc-id%22%3Eowner%3C%2Fspan%3E%3C%2Fgo%3E+%3D+%3Ci%3E%3Cspan+class%3D%22xdoc-kw2%22%3EString%3C%2Fspan%3E%3C%2Fi%3E+%3Cspan+class%3D%22xdoc-kw2%22%3Eundefined%3C%2Fspan%3E%3B'/>
                </synopMeta>
            </decl>
        </group>
        <group name='per-instance creation'/>
        <group name='per-instance functions'>
            <decl spacer='1'/>
        </group>
    </unit>
</package>
