<?xml version="1.0" encoding="UTF-8"?>
<package kind='package' name='ti.sysbios.family.arm.exc' nodoc='0' root='../../../../../' summary='Contains+the+ARM+Exception+handler+used+by+all+non-M3+ARM+targets'>
    <line tab='0' content='%3Cspan+class%3D%22xdoc-kw1%22%3Erequires%3C%2Fspan%3E+%3Ca+class%3D%22xdoc-link%22+href%3D%22..%2F..%2F..%2F..%2F..%2Fti%2Fsysbios%2Finterfaces%2Fpackage.html%22+title%3D%22ti.sysbios.interfaces%22%3Eti.sysbios.interfaces%3C%2Fa%3E%3B'/>
    <line blank='1' always='0'/>
    <line tab='0' content='%3Cspan+class%3D%22xdoc-kw1%22%3Epackage%3C%2Fspan%3E+%3Cgo%3E%3Cspan+class%3D%22xdoc-id%22%3Eti.sysbios.family.arm.exc%3C%2Fspan%3E%3C%2Fgo%3E+%5B2%2C+0%2C+0%2C+0%5D+%7B'/>
    <line tab='0' content='%7D'/>
    <unit name='Exception' kind='module' nodoc='0' metaonly='0' summary='Exception+Module'>
        <synopSpec>
            <line tab='0' content='%3Cspan+class%3D%22xdoc-kw1%22%3Epackage%3C%2Fspan%3E+%3Ca+class%3D%22xdoc-link%22+href%3D%22..%2F..%2F..%2F..%2F..%2Fti%2Fsysbios%2Ffamily%2Farm%2Fexc%2Fpackage.html%22+title%3D%22ti.sysbios.family.arm.exc%22%3Eti.sysbios.family.arm.exc%3C%2Fa%3E%3B'/>
            <line blank='1' always='0'/>
            <line tab='0' content='%3Cspan+class%3D%22xdoc-kw3%22%3E%40ModuleStartup+%3C%2Fspan%3E'/>
            <line tab='0' content='%3Cspan+class%3D%22xdoc-kw1%22%3Emodule%3C%2Fspan%3E+%3Cgo%3E%3Cspan+class%3D%22xdoc-id%22%3EException%3C%2Fspan%3E%3C%2Fgo%3E+%7B'/>
            <line tab='0' content='%7D'/>
        </synopSpec>
        <specInfo>
            <line tab='0' content='%3Cspan+class%3D%22xdoc-kw3%22%3E%40ModuleStartup+%3C%2Fspan%3E'/>
            <line tab='0' content='%3Cspan+class%3D%22xdoc-kw1%22%3Emodule%3C%2Fspan%3E+%3Cgo%3E%3Cspan+class%3D%22xdoc-id%22%3EException%3C%2Fspan%3E%3C%2Fgo%3E+%7B%3Cb%3E%26nbsp%3B%26nbsp%3B...%3C%2Fb%3E'/>
            <line tab='0' comment='inherits+%3Ca+class%3D%22xdoc-link%22+href%3D%22..%2F..%2F..%2F..%2F..%2Fxdc%2Fruntime%2FIModule.html%22+title%3D%22xdc.runtime.IModule%22%3Exdc.runtime.IModule%3C%2Fa%3E'/>
        </specInfo>
        <synopMeta>
            <line tab='0' content='%3Cspan+class%3D%22xdoc-kw1%22%3Evar%3C%2Fspan%3E+Exception+%3D+%3Cspan+class%3D%22xdoc-kw3%22%3Exdc.useModule%3C%2Fspan%3E%28%3Cspan+class%3D%22xdoc-id%22%3E%27ti.sysbios.family.arm.exc.Exception%27%3C%2Fspan%3E%29%3B'/>
        </synopMeta>
        <synopTarg>
            <line tab='0' content='%3Cspan+class%3D%22xdoc-kw3%22%3E%23include%3C%2Fspan%3E+%3Cspan+class%3D%22xdoc-id%22%3E%26lt%3Bti%2Fsysbios%2Ffamily%2Farm%2Fexc%2FException.h%26gt%3B%3C%2Fspan%3E'/>
        </synopTarg>
        <docSect name='details'>
            <docPara content='The+Exception+module+is+a+basic+ARM+exception+handler.%0A++When+an+exception+occurs%2C+the+execution+state+is+saved+into%0A++a+buffer+with+a+structure+of+type+%3Ca+class%3D%22xdoc-link%22+href%3D%22Exception.html%23.Exc.Context%22+title%3D%22ExcContext%22%3EExcContext%3C%2Fa%3E.'/>
            <docPara content='By+default%2C+a+formatted+dump+of+this+structure+is+also+sent+to%0A++the+console+using+System_printf%28%29.+This+behavior+can+be+suppressed%0A++by+setting+the+%3Ca+class%3D%22xdoc-link%22+href%3D%22Exception.html%23enable.Decode%22+title%3D%22enableDecode%22%3EenableDecode%3C%2Fa%3E+config+parameter+to+%27false%27.'/>
            <docPara content='An+ROV+view+of+the+exception+context+is+provided+when%0A++attached+to+the+target+board+with+CCS.'/>
        </docSect>
        <docSect name='Notes'>
            <docPara content='No+attempt+is+made+to+return+from+an+exception+as+these+are%0A++generally+fatal+in+nature.'/>
            <docPara content='When+used%2C+the+Exception+module+will+override+the+default%0A++exception+handlers+provided+by+the+current+Hwi+module.'/>
        </docSect>
        <group name='local proxy modules'>
        </group>
        <group name='module-wide constants &amp; types'>
            <decl spacer='1'/>
            <decl kind='enum' name='Type' anchor='.Type' altext='ti.sysbios.family.arm.exc.Exception.Type' nodoc='0' external='1' overrides='0' readonly='0' instance='0' summary=''>
                <decl kind='enumval' name='Type_Supervisor' anchor='.Type_.Supervisor'/>
                <decl kind='enumval' name='Type_PreAbort' anchor='.Type_.Pre.Abort'/>
                <decl kind='enumval' name='Type_DataAbort' anchor='.Type_.Data.Abort'/>
                <decl kind='enumval' name='Type_UndefInst' anchor='.Type_.Undef.Inst'/>
                <synopSpec>
                    <line tab='0' content='%3Cspan+class%3D%22xdoc-kw1%22%3Eenum%3C%2Fspan%3E+%3Cgo%3E%3Cspan+class%3D%22xdoc-id%22%3EType%3C%2Fspan%3E%3C%2Fgo%3E+%7B'/>
                    <line tab='1' comment='Supervisor+%28SWI%29' content='%3Cgo%3E%3Cspan+class%3D%22xdoc-id%22%3EType_Supervisor%3C%2Fspan%3E%3C%2Fgo%3E%2C+'/>
                    <line tab='1' comment='Abort+exception' content='%3Cgo%3E%3Cspan+class%3D%22xdoc-id%22%3EType_PreAbort%3C%2Fspan%3E%3C%2Fgo%3E%2C+'/>
                    <line tab='1' comment='Abort+exception' content='%3Cgo%3E%3Cspan+class%3D%22xdoc-id%22%3EType_DataAbort%3C%2Fspan%3E%3C%2Fgo%3E%2C+'/>
                    <line tab='1' comment='Undefined+instruction+exception' content='%3Cgo%3E%3Cspan+class%3D%22xdoc-id%22%3EType_UndefInst%3C%2Fspan%3E%3C%2Fgo%3E'/>
                    <line tab='0' content='%7D%3B'/>
                </synopSpec>
                <synopMeta>
                    <line tab='0' content='%3Ci%3Evalues+of+type+%3Cgo%3EException.%3Cspan+class%3D%22xdoc-id%22%3EType%3C%2Fspan%3E%3C%2Fgo%3E%3C%2Fi%3E'/>
                    <line tab='1' comment='Supervisor+%28SWI%29' content='%3Cspan+class%3D%22xdoc-kw1%22%3Econst%3C%2Fspan%3E+%3Cgo%3EException.%3Cspan+class%3D%22xdoc-id%22%3EType_Supervisor%3C%2Fspan%3E%3C%2Fgo%3E%3B'/>
                    <line tab='1' comment='Abort+exception' content='%3Cspan+class%3D%22xdoc-kw1%22%3Econst%3C%2Fspan%3E+%3Cgo%3EException.%3Cspan+class%3D%22xdoc-id%22%3EType_PreAbort%3C%2Fspan%3E%3C%2Fgo%3E%3B'/>
                    <line tab='1' comment='Abort+exception' content='%3Cspan+class%3D%22xdoc-kw1%22%3Econst%3C%2Fspan%3E+%3Cgo%3EException.%3Cspan+class%3D%22xdoc-id%22%3EType_DataAbort%3C%2Fspan%3E%3C%2Fgo%3E%3B'/>
                    <line tab='1' comment='Undefined+instruction+exception' content='%3Cspan+class%3D%22xdoc-kw1%22%3Econst%3C%2Fspan%3E+%3Cgo%3EException.%3Cspan+class%3D%22xdoc-id%22%3EType_UndefInst%3C%2Fspan%3E%3C%2Fgo%3E%3B'/>
                </synopMeta>
                <synopTarg>
                    <line tab='0' content='%3Cspan+class%3D%22xdoc-kw1%22%3Etypedef%3C%2Fspan%3E+%3Cspan+class%3D%22xdoc-kw1%22%3Eenum%3C%2Fspan%3E+%3Cgo%3E%3Cspan+class%3D%22xdoc-id%22%3EException_Type%3C%2Fspan%3E%3C%2Fgo%3E+%7B'/>
                    <line tab='1' comment='Supervisor+%28SWI%29' content='%3Cgo%3E%3Cspan+class%3D%22xdoc-id%22%3EException_Type_Supervisor%3C%2Fspan%3E%3C%2Fgo%3E%2C+'/>
                    <line tab='1' comment='Abort+exception' content='%3Cgo%3E%3Cspan+class%3D%22xdoc-id%22%3EException_Type_PreAbort%3C%2Fspan%3E%3C%2Fgo%3E%2C+'/>
                    <line tab='1' comment='Abort+exception' content='%3Cgo%3E%3Cspan+class%3D%22xdoc-id%22%3EException_Type_DataAbort%3C%2Fspan%3E%3C%2Fgo%3E%2C+'/>
                    <line tab='1' comment='Undefined+instruction+exception' content='%3Cgo%3E%3Cspan+class%3D%22xdoc-id%22%3EException_Type_UndefInst%3C%2Fspan%3E%3C%2Fgo%3E'/>
                    <line tab='0' content='%7D+%3Cgo%3E%3Cspan+class%3D%22xdoc-id%22%3EException_Type%3C%2Fspan%3E%3C%2Fgo%3E%3B'/>
                </synopTarg>
            </decl>
            <decl spacer='1'/>
            <decl kind='typedef' name='ExceptionHookFuncPtr' anchor='.Exception.Hook.Func.Ptr' altext='ti.sysbios.family.arm.exc.Exception.ExceptionHookFuncPtr' nodoc='0' external='1' overrides='0' readonly='0' instance='0' summary='Exception+hook+function+type+definition'>
                <synopSpec>
                    <line tab='0' content='%3Cspan+class%3D%22xdoc-kw1%22%3Etypedef%3C%2Fspan%3E+%3Cspan+class%3D%22xdoc-kw2%22%3EVoid%3C%2Fspan%3E%26nbsp%3B%28*%3Cgo%3E%3Cspan+class%3D%22xdoc-id%22%3EExceptionHookFuncPtr%3C%2Fspan%3E%3C%2Fgo%3E%29%28%3Ca+class%3D%22xdoc-link%22+href%3D%22..%2F..%2F..%2F..%2F..%2Fti%2Fsysbios%2Ffamily%2Farm%2Fexc%2FException.html%23.Exc.Context%22+title%3D%22ti.sysbios.family.arm.exc.Exception.ExcContext%22%3EException.ExcContext%3C%2Fa%3E*%29%3B'/>
                </synopSpec>
                <synopTarg>
                    <line tab='0' content='%3Cspan+class%3D%22xdoc-kw1%22%3Etypedef%3C%2Fspan%3E+%3Cspan+class%3D%22xdoc-kw2%22%3EVoid%3C%2Fspan%3E%26nbsp%3B%28*%3Cgo%3E%3Cspan+class%3D%22xdoc-id%22%3EException_ExceptionHookFuncPtr%3C%2Fspan%3E%3C%2Fgo%3E%29%28%3Ca+class%3D%22xdoc-link%22+href%3D%22..%2F..%2F..%2F..%2F..%2Fti%2Fsysbios%2Ffamily%2Farm%2Fexc%2FException.html%23.Exc.Context%22+title%3D%22ti.sysbios.family.arm.exc.Exception.ExcContext%22%3EException_ExcContext%3C%2Fa%3E*%29%3B'/>
                </synopTarg>
            </decl>
            <decl spacer='1'/>
            <decl kind='struct' name='ExcContext' anchor='.Exc.Context' altext='ti.sysbios.family.arm.exc.Exception.ExcContext' nodoc='0' external='1' overrides='0' readonly='0' instance='0' summary='Exception+Context+-+Register+contents+at+the+time+of+an+exception'>
                <synopSpec>
                    <line tab='0' content='%3Cspan+class%3D%22xdoc-kw1%22%3Estruct%3C%2Fspan%3E+%3Cgo%3E%3Cspan+class%3D%22xdoc-id%22%3EExcContext%3C%2Fspan%3E%3C%2Fgo%3E+%7B'/>
                    <line tab='1' content='%3Ca+class%3D%22xdoc-link%22+href%3D%22..%2F..%2F..%2F..%2F..%2Fti%2Fsysbios%2FBIOS.html%23.Thread.Type%22+title%3D%22ti.sysbios.BIOS.ThreadType%22%3EBIOS.ThreadType%3C%2Fa%3E%26nbsp%3B%3Cgo%3E%3Cspan+class%3D%22xdoc-id%22%3EthreadType%3C%2Fspan%3E%3C%2Fgo%3E%3B'/>
                    <line tab='1' content='%3Cspan+class%3D%22xdoc-kw2%22%3EPtr%3C%2Fspan%3E%26nbsp%3B%3Cgo%3E%3Cspan+class%3D%22xdoc-id%22%3EthreadHandle%3C%2Fspan%3E%3C%2Fgo%3E%3B'/>
                    <line tab='1' content='%3Cspan+class%3D%22xdoc-kw2%22%3EPtr%3C%2Fspan%3E%26nbsp%3B%3Cgo%3E%3Cspan+class%3D%22xdoc-id%22%3EthreadStack%3C%2Fspan%3E%3C%2Fgo%3E%3B'/>
                    <line tab='1' content='%3Cspan+class%3D%22xdoc-kw2%22%3ESizeT%3C%2Fspan%3E%26nbsp%3B%3Cgo%3E%3Cspan+class%3D%22xdoc-id%22%3EthreadStackSize%3C%2Fspan%3E%3C%2Fgo%3E%3B'/>
                    <line tab='1' content='%3Ca+class%3D%22xdoc-link%22+href%3D%22..%2F..%2F..%2F..%2F..%2Fti%2Fsysbios%2Ffamily%2Farm%2Fexc%2FException.html%23.Type%22+title%3D%22ti.sysbios.family.arm.exc.Exception.Type%22%3EException.Type%3C%2Fa%3E%26nbsp%3B%3Cgo%3E%3Cspan+class%3D%22xdoc-id%22%3Etype%3C%2Fspan%3E%3C%2Fgo%3E%3B'/>
                    <line tab='1' content='%3Cspan+class%3D%22xdoc-kw2%22%3EPtr%3C%2Fspan%3E%26nbsp%3B%3Cgo%3E%3Cspan+class%3D%22xdoc-id%22%3Er0%3C%2Fspan%3E%3C%2Fgo%3E%3B'/>
                    <line tab='1' content='%3Cspan+class%3D%22xdoc-kw2%22%3EPtr%3C%2Fspan%3E%26nbsp%3B%3Cgo%3E%3Cspan+class%3D%22xdoc-id%22%3Er1%3C%2Fspan%3E%3C%2Fgo%3E%3B'/>
                    <line tab='1' content='%3Cspan+class%3D%22xdoc-kw2%22%3EPtr%3C%2Fspan%3E%26nbsp%3B%3Cgo%3E%3Cspan+class%3D%22xdoc-id%22%3Er2%3C%2Fspan%3E%3C%2Fgo%3E%3B'/>
                    <line tab='1' content='%3Cspan+class%3D%22xdoc-kw2%22%3EPtr%3C%2Fspan%3E%26nbsp%3B%3Cgo%3E%3Cspan+class%3D%22xdoc-id%22%3Er3%3C%2Fspan%3E%3C%2Fgo%3E%3B'/>
                    <line tab='1' content='%3Cspan+class%3D%22xdoc-kw2%22%3EPtr%3C%2Fspan%3E%26nbsp%3B%3Cgo%3E%3Cspan+class%3D%22xdoc-id%22%3Er4%3C%2Fspan%3E%3C%2Fgo%3E%3B'/>
                    <line tab='1' content='%3Cspan+class%3D%22xdoc-kw2%22%3EPtr%3C%2Fspan%3E%26nbsp%3B%3Cgo%3E%3Cspan+class%3D%22xdoc-id%22%3Er5%3C%2Fspan%3E%3C%2Fgo%3E%3B'/>
                    <line tab='1' content='%3Cspan+class%3D%22xdoc-kw2%22%3EPtr%3C%2Fspan%3E%26nbsp%3B%3Cgo%3E%3Cspan+class%3D%22xdoc-id%22%3Er6%3C%2Fspan%3E%3C%2Fgo%3E%3B'/>
                    <line tab='1' content='%3Cspan+class%3D%22xdoc-kw2%22%3EPtr%3C%2Fspan%3E%26nbsp%3B%3Cgo%3E%3Cspan+class%3D%22xdoc-id%22%3Er7%3C%2Fspan%3E%3C%2Fgo%3E%3B'/>
                    <line tab='1' content='%3Cspan+class%3D%22xdoc-kw2%22%3EPtr%3C%2Fspan%3E%26nbsp%3B%3Cgo%3E%3Cspan+class%3D%22xdoc-id%22%3Er8%3C%2Fspan%3E%3C%2Fgo%3E%3B'/>
                    <line tab='1' content='%3Cspan+class%3D%22xdoc-kw2%22%3EPtr%3C%2Fspan%3E%26nbsp%3B%3Cgo%3E%3Cspan+class%3D%22xdoc-id%22%3Er9%3C%2Fspan%3E%3C%2Fgo%3E%3B'/>
                    <line tab='1' content='%3Cspan+class%3D%22xdoc-kw2%22%3EPtr%3C%2Fspan%3E%26nbsp%3B%3Cgo%3E%3Cspan+class%3D%22xdoc-id%22%3Er10%3C%2Fspan%3E%3C%2Fgo%3E%3B'/>
                    <line tab='1' content='%3Cspan+class%3D%22xdoc-kw2%22%3EPtr%3C%2Fspan%3E%26nbsp%3B%3Cgo%3E%3Cspan+class%3D%22xdoc-id%22%3Er11%3C%2Fspan%3E%3C%2Fgo%3E%3B'/>
                    <line tab='1' content='%3Cspan+class%3D%22xdoc-kw2%22%3EPtr%3C%2Fspan%3E%26nbsp%3B%3Cgo%3E%3Cspan+class%3D%22xdoc-id%22%3Er12%3C%2Fspan%3E%3C%2Fgo%3E%3B'/>
                    <line tab='1' content='%3Cspan+class%3D%22xdoc-kw2%22%3EPtr%3C%2Fspan%3E%26nbsp%3B%3Cgo%3E%3Cspan+class%3D%22xdoc-id%22%3Esp%3C%2Fspan%3E%3C%2Fgo%3E%3B'/>
                    <line tab='1' content='%3Cspan+class%3D%22xdoc-kw2%22%3EPtr%3C%2Fspan%3E%26nbsp%3B%3Cgo%3E%3Cspan+class%3D%22xdoc-id%22%3Elr%3C%2Fspan%3E%3C%2Fgo%3E%3B'/>
                    <line tab='1' content='%3Cspan+class%3D%22xdoc-kw2%22%3EPtr%3C%2Fspan%3E%26nbsp%3B%3Cgo%3E%3Cspan+class%3D%22xdoc-id%22%3Epc%3C%2Fspan%3E%3C%2Fgo%3E%3B'/>
                    <line tab='1' content='%3Cspan+class%3D%22xdoc-kw2%22%3EPtr%3C%2Fspan%3E%26nbsp%3B%3Cgo%3E%3Cspan+class%3D%22xdoc-id%22%3Epsr%3C%2Fspan%3E%3C%2Fgo%3E%3B'/>
                    <line tab='1' content='%3Cspan+class%3D%22xdoc-kw2%22%3EPtr%3C%2Fspan%3E%26nbsp%3B%3Cgo%3E%3Cspan+class%3D%22xdoc-id%22%3Edfsr%3C%2Fspan%3E%3C%2Fgo%3E%3B'/>
                    <line tab='1' content='%3Cspan+class%3D%22xdoc-kw2%22%3EPtr%3C%2Fspan%3E%26nbsp%3B%3Cgo%3E%3Cspan+class%3D%22xdoc-id%22%3Eifsr%3C%2Fspan%3E%3C%2Fgo%3E%3B'/>
                    <line tab='1' content='%3Cspan+class%3D%22xdoc-kw2%22%3EPtr%3C%2Fspan%3E%26nbsp%3B%3Cgo%3E%3Cspan+class%3D%22xdoc-id%22%3Edfar%3C%2Fspan%3E%3C%2Fgo%3E%3B'/>
                    <line tab='1' content='%3Cspan+class%3D%22xdoc-kw2%22%3EPtr%3C%2Fspan%3E%26nbsp%3B%3Cgo%3E%3Cspan+class%3D%22xdoc-id%22%3Eifar%3C%2Fspan%3E%3C%2Fgo%3E%3B'/>
                    <line tab='0' content='%7D%3B'/>
                </synopSpec>
                <synopMeta>
                    <line tab='0' content='%3Cspan+class%3D%22xdoc-kw1%22%3Evar%3C%2Fspan%3E+%3Ci%3Eobj%3C%2Fi%3E+%3D+%3Cspan+class%3D%22xdoc-kw1%22%3Enew%3C%2Fspan%3E+%3Cgo%3EException.%3Cspan+class%3D%22xdoc-id%22%3EExcContext%3C%2Fspan%3E%3C%2Fgo%3E%3B'/>
                    <line blank='1' always='0'/>
                    <line tab='1' content='%3Ci%3Eobj%3C%2Fi%3E.%3Cgo%3E%3Cspan+class%3D%22xdoc-id%22%3EthreadType%3C%2Fspan%3E%3C%2Fgo%3E+%3D+%3Ci%3E%3Ca+class%3D%22xdoc-link%22+href%3D%22..%2F..%2F..%2F..%2F..%2Fti%2Fsysbios%2FBIOS.html%23.Thread.Type%22+title%3D%22ti.sysbios.BIOS.ThreadType%22%3EBIOS.ThreadType%3C%2Fa%3E%3C%2Fi%3E%3Cb%3E%26nbsp%3B%26nbsp%3B...%3C%2Fb%3E'/>
                    <line tab='1' content='%3Ci%3Eobj%3C%2Fi%3E.%3Cgo%3E%3Cspan+class%3D%22xdoc-id%22%3EthreadHandle%3C%2Fspan%3E%3C%2Fgo%3E+%3D+%3Ci%3E%3Cspan+class%3D%22xdoc-kw2%22%3EPtr%3C%2Fspan%3E%3C%2Fi%3E%3Cb%3E%26nbsp%3B%26nbsp%3B...%3C%2Fb%3E'/>
                    <line tab='1' content='%3Ci%3Eobj%3C%2Fi%3E.%3Cgo%3E%3Cspan+class%3D%22xdoc-id%22%3EthreadStack%3C%2Fspan%3E%3C%2Fgo%3E+%3D+%3Ci%3E%3Cspan+class%3D%22xdoc-kw2%22%3EPtr%3C%2Fspan%3E%3C%2Fi%3E%3Cb%3E%26nbsp%3B%26nbsp%3B...%3C%2Fb%3E'/>
                    <line tab='1' content='%3Ci%3Eobj%3C%2Fi%3E.%3Cgo%3E%3Cspan+class%3D%22xdoc-id%22%3EthreadStackSize%3C%2Fspan%3E%3C%2Fgo%3E+%3D+%3Ci%3E%3Cspan+class%3D%22xdoc-kw2%22%3ESizeT%3C%2Fspan%3E%3C%2Fi%3E%3Cb%3E%26nbsp%3B%26nbsp%3B...%3C%2Fb%3E'/>
                    <line tab='1' content='%3Ci%3Eobj%3C%2Fi%3E.%3Cgo%3E%3Cspan+class%3D%22xdoc-id%22%3Etype%3C%2Fspan%3E%3C%2Fgo%3E+%3D+%3Ci%3E%3Ca+class%3D%22xdoc-link%22+href%3D%22..%2F..%2F..%2F..%2F..%2Fti%2Fsysbios%2Ffamily%2Farm%2Fexc%2FException.html%23.Type%22+title%3D%22ti.sysbios.family.arm.exc.Exception.Type%22%3EException.Type%3C%2Fa%3E%3C%2Fi%3E%3Cb%3E%26nbsp%3B%26nbsp%3B...%3C%2Fb%3E'/>
                    <line tab='1' content='%3Ci%3Eobj%3C%2Fi%3E.%3Cgo%3E%3Cspan+class%3D%22xdoc-id%22%3Er0%3C%2Fspan%3E%3C%2Fgo%3E+%3D+%3Ci%3E%3Cspan+class%3D%22xdoc-kw2%22%3EPtr%3C%2Fspan%3E%3C%2Fi%3E%3Cb%3E%26nbsp%3B%26nbsp%3B...%3C%2Fb%3E'/>
                    <line tab='1' content='%3Ci%3Eobj%3C%2Fi%3E.%3Cgo%3E%3Cspan+class%3D%22xdoc-id%22%3Er1%3C%2Fspan%3E%3C%2Fgo%3E+%3D+%3Ci%3E%3Cspan+class%3D%22xdoc-kw2%22%3EPtr%3C%2Fspan%3E%3C%2Fi%3E%3Cb%3E%26nbsp%3B%26nbsp%3B...%3C%2Fb%3E'/>
                    <line tab='1' content='%3Ci%3Eobj%3C%2Fi%3E.%3Cgo%3E%3Cspan+class%3D%22xdoc-id%22%3Er2%3C%2Fspan%3E%3C%2Fgo%3E+%3D+%3Ci%3E%3Cspan+class%3D%22xdoc-kw2%22%3EPtr%3C%2Fspan%3E%3C%2Fi%3E%3Cb%3E%26nbsp%3B%26nbsp%3B...%3C%2Fb%3E'/>
                    <line tab='1' content='%3Ci%3Eobj%3C%2Fi%3E.%3Cgo%3E%3Cspan+class%3D%22xdoc-id%22%3Er3%3C%2Fspan%3E%3C%2Fgo%3E+%3D+%3Ci%3E%3Cspan+class%3D%22xdoc-kw2%22%3EPtr%3C%2Fspan%3E%3C%2Fi%3E%3Cb%3E%26nbsp%3B%26nbsp%3B...%3C%2Fb%3E'/>
                    <line tab='1' content='%3Ci%3Eobj%3C%2Fi%3E.%3Cgo%3E%3Cspan+class%3D%22xdoc-id%22%3Er4%3C%2Fspan%3E%3C%2Fgo%3E+%3D+%3Ci%3E%3Cspan+class%3D%22xdoc-kw2%22%3EPtr%3C%2Fspan%3E%3C%2Fi%3E%3Cb%3E%26nbsp%3B%26nbsp%3B...%3C%2Fb%3E'/>
                    <line tab='1' content='%3Ci%3Eobj%3C%2Fi%3E.%3Cgo%3E%3Cspan+class%3D%22xdoc-id%22%3Er5%3C%2Fspan%3E%3C%2Fgo%3E+%3D+%3Ci%3E%3Cspan+class%3D%22xdoc-kw2%22%3EPtr%3C%2Fspan%3E%3C%2Fi%3E%3Cb%3E%26nbsp%3B%26nbsp%3B...%3C%2Fb%3E'/>
                    <line tab='1' content='%3Ci%3Eobj%3C%2Fi%3E.%3Cgo%3E%3Cspan+class%3D%22xdoc-id%22%3Er6%3C%2Fspan%3E%3C%2Fgo%3E+%3D+%3Ci%3E%3Cspan+class%3D%22xdoc-kw2%22%3EPtr%3C%2Fspan%3E%3C%2Fi%3E%3Cb%3E%26nbsp%3B%26nbsp%3B...%3C%2Fb%3E'/>
                    <line tab='1' content='%3Ci%3Eobj%3C%2Fi%3E.%3Cgo%3E%3Cspan+class%3D%22xdoc-id%22%3Er7%3C%2Fspan%3E%3C%2Fgo%3E+%3D+%3Ci%3E%3Cspan+class%3D%22xdoc-kw2%22%3EPtr%3C%2Fspan%3E%3C%2Fi%3E%3Cb%3E%26nbsp%3B%26nbsp%3B...%3C%2Fb%3E'/>
                    <line tab='1' content='%3Ci%3Eobj%3C%2Fi%3E.%3Cgo%3E%3Cspan+class%3D%22xdoc-id%22%3Er8%3C%2Fspan%3E%3C%2Fgo%3E+%3D+%3Ci%3E%3Cspan+class%3D%22xdoc-kw2%22%3EPtr%3C%2Fspan%3E%3C%2Fi%3E%3Cb%3E%26nbsp%3B%26nbsp%3B...%3C%2Fb%3E'/>
                    <line tab='1' content='%3Ci%3Eobj%3C%2Fi%3E.%3Cgo%3E%3Cspan+class%3D%22xdoc-id%22%3Er9%3C%2Fspan%3E%3C%2Fgo%3E+%3D+%3Ci%3E%3Cspan+class%3D%22xdoc-kw2%22%3EPtr%3C%2Fspan%3E%3C%2Fi%3E%3Cb%3E%26nbsp%3B%26nbsp%3B...%3C%2Fb%3E'/>
                    <line tab='1' content='%3Ci%3Eobj%3C%2Fi%3E.%3Cgo%3E%3Cspan+class%3D%22xdoc-id%22%3Er10%3C%2Fspan%3E%3C%2Fgo%3E+%3D+%3Ci%3E%3Cspan+class%3D%22xdoc-kw2%22%3EPtr%3C%2Fspan%3E%3C%2Fi%3E%3Cb%3E%26nbsp%3B%26nbsp%3B...%3C%2Fb%3E'/>
                    <line tab='1' content='%3Ci%3Eobj%3C%2Fi%3E.%3Cgo%3E%3Cspan+class%3D%22xdoc-id%22%3Er11%3C%2Fspan%3E%3C%2Fgo%3E+%3D+%3Ci%3E%3Cspan+class%3D%22xdoc-kw2%22%3EPtr%3C%2Fspan%3E%3C%2Fi%3E%3Cb%3E%26nbsp%3B%26nbsp%3B...%3C%2Fb%3E'/>
                    <line tab='1' content='%3Ci%3Eobj%3C%2Fi%3E.%3Cgo%3E%3Cspan+class%3D%22xdoc-id%22%3Er12%3C%2Fspan%3E%3C%2Fgo%3E+%3D+%3Ci%3E%3Cspan+class%3D%22xdoc-kw2%22%3EPtr%3C%2Fspan%3E%3C%2Fi%3E%3Cb%3E%26nbsp%3B%26nbsp%3B...%3C%2Fb%3E'/>
                    <line tab='1' content='%3Ci%3Eobj%3C%2Fi%3E.%3Cgo%3E%3Cspan+class%3D%22xdoc-id%22%3Esp%3C%2Fspan%3E%3C%2Fgo%3E+%3D+%3Ci%3E%3Cspan+class%3D%22xdoc-kw2%22%3EPtr%3C%2Fspan%3E%3C%2Fi%3E%3Cb%3E%26nbsp%3B%26nbsp%3B...%3C%2Fb%3E'/>
                    <line tab='1' content='%3Ci%3Eobj%3C%2Fi%3E.%3Cgo%3E%3Cspan+class%3D%22xdoc-id%22%3Elr%3C%2Fspan%3E%3C%2Fgo%3E+%3D+%3Ci%3E%3Cspan+class%3D%22xdoc-kw2%22%3EPtr%3C%2Fspan%3E%3C%2Fi%3E%3Cb%3E%26nbsp%3B%26nbsp%3B...%3C%2Fb%3E'/>
                    <line tab='1' content='%3Ci%3Eobj%3C%2Fi%3E.%3Cgo%3E%3Cspan+class%3D%22xdoc-id%22%3Epc%3C%2Fspan%3E%3C%2Fgo%3E+%3D+%3Ci%3E%3Cspan+class%3D%22xdoc-kw2%22%3EPtr%3C%2Fspan%3E%3C%2Fi%3E%3Cb%3E%26nbsp%3B%26nbsp%3B...%3C%2Fb%3E'/>
                    <line tab='1' content='%3Ci%3Eobj%3C%2Fi%3E.%3Cgo%3E%3Cspan+class%3D%22xdoc-id%22%3Epsr%3C%2Fspan%3E%3C%2Fgo%3E+%3D+%3Ci%3E%3Cspan+class%3D%22xdoc-kw2%22%3EPtr%3C%2Fspan%3E%3C%2Fi%3E%3Cb%3E%26nbsp%3B%26nbsp%3B...%3C%2Fb%3E'/>
                    <line tab='1' content='%3Ci%3Eobj%3C%2Fi%3E.%3Cgo%3E%3Cspan+class%3D%22xdoc-id%22%3Edfsr%3C%2Fspan%3E%3C%2Fgo%3E+%3D+%3Ci%3E%3Cspan+class%3D%22xdoc-kw2%22%3EPtr%3C%2Fspan%3E%3C%2Fi%3E%3Cb%3E%26nbsp%3B%26nbsp%3B...%3C%2Fb%3E'/>
                    <line tab='1' content='%3Ci%3Eobj%3C%2Fi%3E.%3Cgo%3E%3Cspan+class%3D%22xdoc-id%22%3Eifsr%3C%2Fspan%3E%3C%2Fgo%3E+%3D+%3Ci%3E%3Cspan+class%3D%22xdoc-kw2%22%3EPtr%3C%2Fspan%3E%3C%2Fi%3E%3Cb%3E%26nbsp%3B%26nbsp%3B...%3C%2Fb%3E'/>
                    <line tab='1' content='%3Ci%3Eobj%3C%2Fi%3E.%3Cgo%3E%3Cspan+class%3D%22xdoc-id%22%3Edfar%3C%2Fspan%3E%3C%2Fgo%3E+%3D+%3Ci%3E%3Cspan+class%3D%22xdoc-kw2%22%3EPtr%3C%2Fspan%3E%3C%2Fi%3E%3Cb%3E%26nbsp%3B%26nbsp%3B...%3C%2Fb%3E'/>
                    <line tab='1' content='%3Ci%3Eobj%3C%2Fi%3E.%3Cgo%3E%3Cspan+class%3D%22xdoc-id%22%3Eifar%3C%2Fspan%3E%3C%2Fgo%3E+%3D+%3Ci%3E%3Cspan+class%3D%22xdoc-kw2%22%3EPtr%3C%2Fspan%3E%3C%2Fi%3E%3Cb%3E%26nbsp%3B%26nbsp%3B...%3C%2Fb%3E'/>
                </synopMeta>
                <synopTarg>
                    <line tab='0' content='%3Cspan+class%3D%22xdoc-kw1%22%3Etypedef%3C%2Fspan%3E+%3Cspan+class%3D%22xdoc-kw1%22%3Estruct%3C%2Fspan%3E+%3Cgo%3E%3Cspan+class%3D%22xdoc-id%22%3EException_ExcContext%3C%2Fspan%3E%3C%2Fgo%3E+%7B'/>
                    <line tab='1' content='%3Ca+class%3D%22xdoc-link%22+href%3D%22..%2F..%2F..%2F..%2F..%2Fti%2Fsysbios%2FBIOS.html%23.Thread.Type%22+title%3D%22ti.sysbios.BIOS.ThreadType%22%3EBIOS_ThreadType%3C%2Fa%3E%26nbsp%3B%3Cgo%3E%3Cspan+class%3D%22xdoc-id%22%3E%3Cgo%3E%3Cspan+class%3D%22xdoc-id%22%3EthreadType%3C%2Fspan%3E%3C%2Fgo%3E%3C%2Fspan%3E%3C%2Fgo%3E%3B'/>
                    <line tab='1' content='%3Cspan+class%3D%22xdoc-kw2%22%3EPtr%3C%2Fspan%3E%26nbsp%3B%3Cgo%3E%3Cspan+class%3D%22xdoc-id%22%3E%3Cgo%3E%3Cspan+class%3D%22xdoc-id%22%3EthreadHandle%3C%2Fspan%3E%3C%2Fgo%3E%3C%2Fspan%3E%3C%2Fgo%3E%3B'/>
                    <line tab='1' content='%3Cspan+class%3D%22xdoc-kw2%22%3EPtr%3C%2Fspan%3E%26nbsp%3B%3Cgo%3E%3Cspan+class%3D%22xdoc-id%22%3E%3Cgo%3E%3Cspan+class%3D%22xdoc-id%22%3EthreadStack%3C%2Fspan%3E%3C%2Fgo%3E%3C%2Fspan%3E%3C%2Fgo%3E%3B'/>
                    <line tab='1' content='%3Cspan+class%3D%22xdoc-kw2%22%3ESizeT%3C%2Fspan%3E%26nbsp%3B%3Cgo%3E%3Cspan+class%3D%22xdoc-id%22%3E%3Cgo%3E%3Cspan+class%3D%22xdoc-id%22%3EthreadStackSize%3C%2Fspan%3E%3C%2Fgo%3E%3C%2Fspan%3E%3C%2Fgo%3E%3B'/>
                    <line tab='1' content='%3Ca+class%3D%22xdoc-link%22+href%3D%22..%2F..%2F..%2F..%2F..%2Fti%2Fsysbios%2Ffamily%2Farm%2Fexc%2FException.html%23.Type%22+title%3D%22ti.sysbios.family.arm.exc.Exception.Type%22%3EException_Type%3C%2Fa%3E%26nbsp%3B%3Cgo%3E%3Cspan+class%3D%22xdoc-id%22%3E%3Cgo%3E%3Cspan+class%3D%22xdoc-id%22%3Etype%3C%2Fspan%3E%3C%2Fgo%3E%3C%2Fspan%3E%3C%2Fgo%3E%3B'/>
                    <line tab='1' content='%3Cspan+class%3D%22xdoc-kw2%22%3EPtr%3C%2Fspan%3E%26nbsp%3B%3Cgo%3E%3Cspan+class%3D%22xdoc-id%22%3E%3Cgo%3E%3Cspan+class%3D%22xdoc-id%22%3Er0%3C%2Fspan%3E%3C%2Fgo%3E%3C%2Fspan%3E%3C%2Fgo%3E%3B'/>
                    <line tab='1' content='%3Cspan+class%3D%22xdoc-kw2%22%3EPtr%3C%2Fspan%3E%26nbsp%3B%3Cgo%3E%3Cspan+class%3D%22xdoc-id%22%3E%3Cgo%3E%3Cspan+class%3D%22xdoc-id%22%3Er1%3C%2Fspan%3E%3C%2Fgo%3E%3C%2Fspan%3E%3C%2Fgo%3E%3B'/>
                    <line tab='1' content='%3Cspan+class%3D%22xdoc-kw2%22%3EPtr%3C%2Fspan%3E%26nbsp%3B%3Cgo%3E%3Cspan+class%3D%22xdoc-id%22%3E%3Cgo%3E%3Cspan+class%3D%22xdoc-id%22%3Er2%3C%2Fspan%3E%3C%2Fgo%3E%3C%2Fspan%3E%3C%2Fgo%3E%3B'/>
                    <line tab='1' content='%3Cspan+class%3D%22xdoc-kw2%22%3EPtr%3C%2Fspan%3E%26nbsp%3B%3Cgo%3E%3Cspan+class%3D%22xdoc-id%22%3E%3Cgo%3E%3Cspan+class%3D%22xdoc-id%22%3Er3%3C%2Fspan%3E%3C%2Fgo%3E%3C%2Fspan%3E%3C%2Fgo%3E%3B'/>
                    <line tab='1' content='%3Cspan+class%3D%22xdoc-kw2%22%3EPtr%3C%2Fspan%3E%26nbsp%3B%3Cgo%3E%3Cspan+class%3D%22xdoc-id%22%3E%3Cgo%3E%3Cspan+class%3D%22xdoc-id%22%3Er4%3C%2Fspan%3E%3C%2Fgo%3E%3C%2Fspan%3E%3C%2Fgo%3E%3B'/>
                    <line tab='1' content='%3Cspan+class%3D%22xdoc-kw2%22%3EPtr%3C%2Fspan%3E%26nbsp%3B%3Cgo%3E%3Cspan+class%3D%22xdoc-id%22%3E%3Cgo%3E%3Cspan+class%3D%22xdoc-id%22%3Er5%3C%2Fspan%3E%3C%2Fgo%3E%3C%2Fspan%3E%3C%2Fgo%3E%3B'/>
                    <line tab='1' content='%3Cspan+class%3D%22xdoc-kw2%22%3EPtr%3C%2Fspan%3E%26nbsp%3B%3Cgo%3E%3Cspan+class%3D%22xdoc-id%22%3E%3Cgo%3E%3Cspan+class%3D%22xdoc-id%22%3Er6%3C%2Fspan%3E%3C%2Fgo%3E%3C%2Fspan%3E%3C%2Fgo%3E%3B'/>
                    <line tab='1' content='%3Cspan+class%3D%22xdoc-kw2%22%3EPtr%3C%2Fspan%3E%26nbsp%3B%3Cgo%3E%3Cspan+class%3D%22xdoc-id%22%3E%3Cgo%3E%3Cspan+class%3D%22xdoc-id%22%3Er7%3C%2Fspan%3E%3C%2Fgo%3E%3C%2Fspan%3E%3C%2Fgo%3E%3B'/>
                    <line tab='1' content='%3Cspan+class%3D%22xdoc-kw2%22%3EPtr%3C%2Fspan%3E%26nbsp%3B%3Cgo%3E%3Cspan+class%3D%22xdoc-id%22%3E%3Cgo%3E%3Cspan+class%3D%22xdoc-id%22%3Er8%3C%2Fspan%3E%3C%2Fgo%3E%3C%2Fspan%3E%3C%2Fgo%3E%3B'/>
                    <line tab='1' content='%3Cspan+class%3D%22xdoc-kw2%22%3EPtr%3C%2Fspan%3E%26nbsp%3B%3Cgo%3E%3Cspan+class%3D%22xdoc-id%22%3E%3Cgo%3E%3Cspan+class%3D%22xdoc-id%22%3Er9%3C%2Fspan%3E%3C%2Fgo%3E%3C%2Fspan%3E%3C%2Fgo%3E%3B'/>
                    <line tab='1' content='%3Cspan+class%3D%22xdoc-kw2%22%3EPtr%3C%2Fspan%3E%26nbsp%3B%3Cgo%3E%3Cspan+class%3D%22xdoc-id%22%3E%3Cgo%3E%3Cspan+class%3D%22xdoc-id%22%3Er10%3C%2Fspan%3E%3C%2Fgo%3E%3C%2Fspan%3E%3C%2Fgo%3E%3B'/>
                    <line tab='1' content='%3Cspan+class%3D%22xdoc-kw2%22%3EPtr%3C%2Fspan%3E%26nbsp%3B%3Cgo%3E%3Cspan+class%3D%22xdoc-id%22%3E%3Cgo%3E%3Cspan+class%3D%22xdoc-id%22%3Er11%3C%2Fspan%3E%3C%2Fgo%3E%3C%2Fspan%3E%3C%2Fgo%3E%3B'/>
                    <line tab='1' content='%3Cspan+class%3D%22xdoc-kw2%22%3EPtr%3C%2Fspan%3E%26nbsp%3B%3Cgo%3E%3Cspan+class%3D%22xdoc-id%22%3E%3Cgo%3E%3Cspan+class%3D%22xdoc-id%22%3Er12%3C%2Fspan%3E%3C%2Fgo%3E%3C%2Fspan%3E%3C%2Fgo%3E%3B'/>
                    <line tab='1' content='%3Cspan+class%3D%22xdoc-kw2%22%3EPtr%3C%2Fspan%3E%26nbsp%3B%3Cgo%3E%3Cspan+class%3D%22xdoc-id%22%3E%3Cgo%3E%3Cspan+class%3D%22xdoc-id%22%3Esp%3C%2Fspan%3E%3C%2Fgo%3E%3C%2Fspan%3E%3C%2Fgo%3E%3B'/>
                    <line tab='1' content='%3Cspan+class%3D%22xdoc-kw2%22%3EPtr%3C%2Fspan%3E%26nbsp%3B%3Cgo%3E%3Cspan+class%3D%22xdoc-id%22%3E%3Cgo%3E%3Cspan+class%3D%22xdoc-id%22%3Elr%3C%2Fspan%3E%3C%2Fgo%3E%3C%2Fspan%3E%3C%2Fgo%3E%3B'/>
                    <line tab='1' content='%3Cspan+class%3D%22xdoc-kw2%22%3EPtr%3C%2Fspan%3E%26nbsp%3B%3Cgo%3E%3Cspan+class%3D%22xdoc-id%22%3E%3Cgo%3E%3Cspan+class%3D%22xdoc-id%22%3Epc%3C%2Fspan%3E%3C%2Fgo%3E%3C%2Fspan%3E%3C%2Fgo%3E%3B'/>
                    <line tab='1' content='%3Cspan+class%3D%22xdoc-kw2%22%3EPtr%3C%2Fspan%3E%26nbsp%3B%3Cgo%3E%3Cspan+class%3D%22xdoc-id%22%3E%3Cgo%3E%3Cspan+class%3D%22xdoc-id%22%3Epsr%3C%2Fspan%3E%3C%2Fgo%3E%3C%2Fspan%3E%3C%2Fgo%3E%3B'/>
                    <line tab='1' content='%3Cspan+class%3D%22xdoc-kw2%22%3EPtr%3C%2Fspan%3E%26nbsp%3B%3Cgo%3E%3Cspan+class%3D%22xdoc-id%22%3E%3Cgo%3E%3Cspan+class%3D%22xdoc-id%22%3Edfsr%3C%2Fspan%3E%3C%2Fgo%3E%3C%2Fspan%3E%3C%2Fgo%3E%3B'/>
                    <line tab='1' content='%3Cspan+class%3D%22xdoc-kw2%22%3EPtr%3C%2Fspan%3E%26nbsp%3B%3Cgo%3E%3Cspan+class%3D%22xdoc-id%22%3E%3Cgo%3E%3Cspan+class%3D%22xdoc-id%22%3Eifsr%3C%2Fspan%3E%3C%2Fgo%3E%3C%2Fspan%3E%3C%2Fgo%3E%3B'/>
                    <line tab='1' content='%3Cspan+class%3D%22xdoc-kw2%22%3EPtr%3C%2Fspan%3E%26nbsp%3B%3Cgo%3E%3Cspan+class%3D%22xdoc-id%22%3E%3Cgo%3E%3Cspan+class%3D%22xdoc-id%22%3Edfar%3C%2Fspan%3E%3C%2Fgo%3E%3C%2Fspan%3E%3C%2Fgo%3E%3B'/>
                    <line tab='1' content='%3Cspan+class%3D%22xdoc-kw2%22%3EPtr%3C%2Fspan%3E%26nbsp%3B%3Cgo%3E%3Cspan+class%3D%22xdoc-id%22%3E%3Cgo%3E%3Cspan+class%3D%22xdoc-id%22%3Eifar%3C%2Fspan%3E%3C%2Fgo%3E%3C%2Fspan%3E%3C%2Fgo%3E%3B'/>
                    <line tab='0' content='%7D+%3Cgo%3E%3Cspan+class%3D%22xdoc-id%22%3EException_ExcContext%3C%2Fspan%3E%3C%2Fgo%3E%3B'/>
                </synopTarg>
            </decl>
            <decl spacer='1'/>
            <decl kind='struct' name='Module_State' anchor='.Module_.State' altext='ti.sysbios.family.arm.exc.Exception.Module_State' nodoc='0' external='0' overrides='0' readonly='0' instance='0' summary=''>
                <synopSpec>
                    <line tab='0' content='%3Cspan+class%3D%22xdoc-kw1%22%3Estruct%3C%2Fspan%3E+%3Cgo%3E%3Cspan+class%3D%22xdoc-id%22%3EModule_State%3C%2Fspan%3E%3C%2Fgo%3E+%7B'/>
                    <line tab='1' content='%3Cspan+class%3D%22xdoc-kw2%22%3EBool%3C%2Fspan%3E%26nbsp%3B%3Cgo%3E%3Cspan+class%3D%22xdoc-id%22%3EexcActive%3C%2Fspan%3E%3C%2Fgo%3E%3B'/>
                    <line tab='1' content='%3Ca+class%3D%22xdoc-link%22+href%3D%22..%2F..%2F..%2F..%2F..%2Fti%2Fsysbios%2Ffamily%2Farm%2Fexc%2FException.html%23.Exc.Context%22+title%3D%22ti.sysbios.family.arm.exc.Exception.ExcContext%22%3EException.ExcContext%3C%2Fa%3E%26nbsp%3B*%3Cgo%3E%3Cspan+class%3D%22xdoc-id%22%3EexcContext%3C%2Fspan%3E%3C%2Fgo%3E%3B'/>
                    <line tab='1' content='%3Cspan+class%3D%22xdoc-kw2%22%3EPtr%3C%2Fspan%3E%26nbsp%3B%3Cgo%3E%3Cspan+class%3D%22xdoc-id%22%3EexcStackBuffer%3C%2Fspan%3E%3C%2Fgo%3E%3B'/>
                    <line tab='1' content='%3Cspan+class%3D%22xdoc-kw2%22%3EChar%3C%2Fspan%3E%26nbsp%3B%3Cgo%3E%3Cspan+class%3D%22xdoc-id%22%3EexcStack%3C%2Fspan%3E%3C%2Fgo%3E%5B%3Cspan+class%3D%22xdoc-kw2%22%3E%3C%2Fspan%3E%5D%3B'/>
                    <line tab='1' content='%3Cspan+class%3D%22xdoc-kw2%22%3ESizeT%3C%2Fspan%3E%26nbsp%3B%3Cgo%3E%3Cspan+class%3D%22xdoc-id%22%3EexcStackSize%3C%2Fspan%3E%3C%2Fgo%3E%3B'/>
                    <line tab='0' content='%7D%3B'/>
                </synopSpec>
                <synopMeta>
                    <line tab='0' content='%3Cspan+class%3D%22xdoc-kw1%22%3Evar%3C%2Fspan%3E+%3Ci%3Eobj%3C%2Fi%3E+%3D+%3Cspan+class%3D%22xdoc-kw1%22%3Enew%3C%2Fspan%3E+%3Cgo%3EException.%3Cspan+class%3D%22xdoc-id%22%3EModule_State%3C%2Fspan%3E%3C%2Fgo%3E%3B'/>
                    <line blank='1' always='0'/>
                    <line tab='1' content='%3Ci%3Eobj%3C%2Fi%3E.%3Cgo%3E%3Cspan+class%3D%22xdoc-id%22%3EexcActive%3C%2Fspan%3E%3C%2Fgo%3E+%3D+%3Ci%3E%3Cspan+class%3D%22xdoc-kw2%22%3EBool%3C%2Fspan%3E%3C%2Fi%3E%3Cb%3E%26nbsp%3B%26nbsp%3B...%3C%2Fb%3E'/>
                    <line tab='1' content='%3Ci%3Eobj%3C%2Fi%3E.%3Cgo%3E%3Cspan+class%3D%22xdoc-id%22%3EexcContext%3C%2Fspan%3E%3C%2Fgo%3E+%3D+%3Ci%3E%3Ca+class%3D%22xdoc-link%22+href%3D%22..%2F..%2F..%2F..%2F..%2Fti%2Fsysbios%2Ffamily%2Farm%2Fexc%2FException.html%23.Exc.Context%22+title%3D%22ti.sysbios.family.arm.exc.Exception.ExcContext%22%3EException.ExcContext%3C%2Fa%3E*%3C%2Fi%3E%3Cb%3E%26nbsp%3B%26nbsp%3B...%3C%2Fb%3E'/>
                    <line tab='1' content='%3Ci%3Eobj%3C%2Fi%3E.%3Cgo%3E%3Cspan+class%3D%22xdoc-id%22%3EexcStackBuffer%3C%2Fspan%3E%3C%2Fgo%3E+%3D+%3Ci%3E%3Cspan+class%3D%22xdoc-kw2%22%3EPtr%3C%2Fspan%3E%3C%2Fi%3E%3Cb%3E%26nbsp%3B%26nbsp%3B...%3C%2Fb%3E'/>
                    <line tab='1' content='%3Ci%3Eobj%3C%2Fi%3E.%3Cgo%3E%3Cspan+class%3D%22xdoc-id%22%3EexcStack%3C%2Fspan%3E%3C%2Fgo%3E+%3D+%3Ci%3E%3Cspan+class%3D%22xdoc-kw2%22%3EChar%3C%2Fspan%3E%5B%3Cspan+class%3D%22xdoc-kw2%22%3E%3C%2Fspan%3E%5D%3C%2Fi%3E%3Cb%3E%26nbsp%3B%26nbsp%3B...%3C%2Fb%3E'/>
                    <line tab='1' content='%3Ci%3Eobj%3C%2Fi%3E.%3Cgo%3E%3Cspan+class%3D%22xdoc-id%22%3EexcStackSize%3C%2Fspan%3E%3C%2Fgo%3E+%3D+%3Ci%3E%3Cspan+class%3D%22xdoc-kw2%22%3ESizeT%3C%2Fspan%3E%3C%2Fi%3E%3Cb%3E%26nbsp%3B%26nbsp%3B...%3C%2Fb%3E'/>
                </synopMeta>
                <synopTarg>
                    <line tab='0' content='%3Cspan+class%3D%22xdoc-kw1%22%3Etypedef%3C%2Fspan%3E+%3Cspan+class%3D%22xdoc-kw1%22%3Estruct%3C%2Fspan%3E+%3Cgo%3E%3Cspan+class%3D%22xdoc-id%22%3EException_Module_State%3C%2Fspan%3E%3C%2Fgo%3E+%7B'/>
                    <line tab='1' content='%3Cspan+class%3D%22xdoc-kw2%22%3EBool%3C%2Fspan%3E%26nbsp%3B%3Cgo%3E%3Cspan+class%3D%22xdoc-id%22%3E%3Cgo%3E%3Cspan+class%3D%22xdoc-id%22%3EexcActive%3C%2Fspan%3E%3C%2Fgo%3E%3C%2Fspan%3E%3C%2Fgo%3E%3B'/>
                    <line tab='1' content='%3Ca+class%3D%22xdoc-link%22+href%3D%22..%2F..%2F..%2F..%2F..%2Fti%2Fsysbios%2Ffamily%2Farm%2Fexc%2FException.html%23.Exc.Context%22+title%3D%22ti.sysbios.family.arm.exc.Exception.ExcContext%22%3EException_ExcContext%3C%2Fa%3E%26nbsp%3B*%3Cgo%3E%3Cspan+class%3D%22xdoc-id%22%3E%3Cgo%3E%3Cspan+class%3D%22xdoc-id%22%3EexcContext%3C%2Fspan%3E%3C%2Fgo%3E%3C%2Fspan%3E%3C%2Fgo%3E%3B'/>
                    <line tab='1' content='%3Cspan+class%3D%22xdoc-kw2%22%3EPtr%3C%2Fspan%3E%26nbsp%3B%3Cgo%3E%3Cspan+class%3D%22xdoc-id%22%3E%3Cgo%3E%3Cspan+class%3D%22xdoc-id%22%3EexcStackBuffer%3C%2Fspan%3E%3C%2Fgo%3E%3C%2Fspan%3E%3C%2Fgo%3E%3B'/>
                    <line tab='1' content='%3Cspan+class%3D%22xdoc-kw2%22%3EChar%3C%2Fspan%3E%26nbsp%3B%3Cgo%3E%3Cspan+class%3D%22xdoc-id%22%3E%3Cgo%3E%3Cspan+class%3D%22xdoc-id%22%3EexcStack%3C%2Fspan%3E%3C%2Fgo%3E%3C%2Fspan%3E%3C%2Fgo%3E%5B%3Cspan+class%3D%22xdoc-kw2%22%3E%3C%2Fspan%3E%5D%3B'/>
                    <line tab='1' content='%3Cspan+class%3D%22xdoc-kw2%22%3ESizeT%3C%2Fspan%3E%26nbsp%3B%3Cgo%3E%3Cspan+class%3D%22xdoc-id%22%3E%3Cgo%3E%3Cspan+class%3D%22xdoc-id%22%3EexcStackSize%3C%2Fspan%3E%3C%2Fgo%3E%3C%2Fspan%3E%3C%2Fgo%3E%3B'/>
                    <line tab='0' content='%7D+%3Cgo%3E%3Cspan+class%3D%22xdoc-id%22%3EException_Module_State%3C%2Fspan%3E%3C%2Fgo%3E%3B'/>
                </synopTarg>
            </decl>
        </group>
        <group name='module-wide config parameters'>
            <decl spacer='1'/>
            <decl kind='config' name='configNameMap$' anchor='config.Name.Map$' altext='ti.sysbios.family.arm.exc.Exception.configNameMap$' nodoc='1' external='1' overrides='0' readonly='1' instance='0' summary='' origin='%3Ca+class%3D%22xdoc-link%22+href%3D%22..%2F..%2F..%2F..%2F..%2Fxdc%2Fruntime%2FIModule.html%23config.Name.Map%24%22+title%3D%22xdc.runtime.IModule.configNameMap%24%22%3EIModule%3C%2Fa%3E' metaonly='1'>
                <synopSpec>
                    <line tab='0' content='%3Cspan+class%3D%22xdoc-kw1%22%3Emetaonly+%3C%2Fspan%3E%3Cspan+class%3D%22xdoc-kw1%22%3Ereadonly+%3C%2Fspan%3E%3Cspan+class%3D%22xdoc-kw1%22%3Econfig%3C%2Fspan%3E+%3Ca+class%3D%22xdoc-link%22+href%3D%22..%2F..%2F..%2F..%2F..%2Fxdc%2Fruntime%2FTypes.html%23.View.Info%22+title%3D%22xdc.runtime.Types.ViewInfo%22%3ETypes.ViewInfo%3C%2Fa%3E%26nbsp%3B%3Cgo%3E%3Cspan+class%3D%22xdoc-id%22%3EconfigNameMap%24%3C%2Fspan%3E%3C%2Fgo%3E%5B%3Cspan+class%3D%22xdoc-kw1%22%3Estring%3C%2Fspan%3E%5D+%3D+%255B'/>
                    <line tab='1' content='%255B'/>
                    <line tab='2' content='%2522xdc.runtime%252FMemory%2522%252C'/>
                    <line tab='2' content='%257B'/>
                    <line tab='3' content='viewType%253A%2B%2522module%2522%252C'/>
                    <line tab='3' content='fields%253A%2B%255B'/>
                    <line tab='4' content='%2522common%2524.instanceHeap%2522%252C'/>
                    <line tab='4' content='%2522common%2524.instanceSection%2522%252C'/>
                    <line tab='4' content='%2522common%2524.memoryPolicy%2522%252C'/>
                    <line tab='4' content='%2522common%2524.namedModule%2522%252C'/>
                    <line tab='4' content='%2522common%2524.namedInstance%2522%252C'/>
                    <line tab='4' content='%2522common%2524.fxntab%2522%252C'/>
                    <line tab='4' content='%2522common%2524.romPatchTable%2522'/>
                    <line tab='3' content='%255D'/>
                    <line tab='2' content='%257D'/>
                    <line tab='1' content='%255D%252C'/>
                    <line tab='1' content='%255B'/>
                    <line tab='2' content='%2522xdc.runtime%252FDiagnostics%2522%252C'/>
                    <line tab='2' content='%257B'/>
                    <line tab='3' content='viewType%253A%2B%2522module%2522%252C'/>
                    <line tab='3' content='fields%253A%2B%255B'/>
                    <line tab='4' content='%2522common%2524.logger%2522%252C'/>
                    <line tab='4' content='%2522common%2524.diags_ASSERT%2522%252C'/>
                    <line tab='4' content='%2522common%2524.diags_ENTRY%2522%252C'/>
                    <line tab='4' content='%2522common%2524.diags_EXIT%2522%252C'/>
                    <line tab='4' content='%2522common%2524.diags_INTERNAL%2522%252C'/>
                    <line tab='4' content='%2522common%2524.diags_LIFECYCLE%2522%252C'/>
                    <line tab='4' content='%2522common%2524.diags_STATUS%2522%252C'/>
                    <line tab='4' content='%2522common%2524.diags_USER1%2522%252C'/>
                    <line tab='4' content='%2522common%2524.diags_USER2%2522%252C'/>
                    <line tab='4' content='%2522common%2524.diags_USER3%2522%252C'/>
                    <line tab='4' content='%2522common%2524.diags_USER4%2522%252C'/>
                    <line tab='4' content='%2522common%2524.diags_USER5%2522%252C'/>
                    <line tab='4' content='%2522common%2524.diags_USER6%2522%252C'/>
                    <line tab='4' content='%2522common%2524.diags_INFO%2522%252C'/>
                    <line tab='4' content='%2522common%2524.diags_ANALYSIS%2522'/>
                    <line tab='3' content='%255D'/>
                    <line tab='2' content='%257D'/>
                    <line tab='1' content='%255D%252C'/>
                    <line tab='1' content='%255B'/>
                    <line tab='2' content='%2522xdc.runtime%252FConcurrency%2522%252C'/>
                    <line tab='2' content='%257B'/>
                    <line tab='3' content='viewType%253A%2B%2522module%2522%252C'/>
                    <line tab='3' content='fields%253A%2B%255B'/>
                    <line tab='4' content='%2522common%2524.gate%2522%252C'/>
                    <line tab='4' content='%2522common%2524.gateParams%2522'/>
                    <line tab='3' content='%255D'/>
                    <line tab='2' content='%257D'/>
                    <line tab='1' content='%255D%252C'/>
                    <line tab='1' content='%255B'/>
                    <line tab='2' content='%2522xdc.runtime%252FLog%2BEvents%2522%252C'/>
                    <line tab='2' content='%257B'/>
                    <line tab='3' content='viewType%253A%2B%2522module%2522%252C'/>
                    <line tab='3' content='fields%253A%2B%255B'/>
                    <line tab='4' content='%2522Log.Event%2522'/>
                    <line tab='3' content='%255D'/>
                    <line tab='2' content='%257D'/>
                    <line tab='1' content='%255D%252C'/>
                    <line tab='1' content='%255B'/>
                    <line tab='2' content='%2522xdc.runtime%252FLog%2BEvents%2522%252C'/>
                    <line tab='2' content='%257B'/>
                    <line tab='3' content='viewType%253A%2B%2522instance%2522%252C'/>
                    <line tab='3' content='fields%253A%2B%255B'/>
                    <line tab='4' content='%2522Log.Event%2522'/>
                    <line tab='3' content='%255D'/>
                    <line tab='2' content='%257D'/>
                    <line tab='1' content='%255D%252C'/>
                    <line tab='1' content='%255B'/>
                    <line tab='2' content='%2522xdc.runtime%252FAsserts%2522%252C'/>
                    <line tab='2' content='%257B'/>
                    <line tab='3' content='viewType%253A%2B%2522module%2522%252C'/>
                    <line tab='3' content='fields%253A%2B%255B'/>
                    <line tab='4' content='%2522Assert.Id%2522'/>
                    <line tab='3' content='%255D'/>
                    <line tab='2' content='%257D'/>
                    <line tab='1' content='%255D%252C'/>
                    <line tab='1' content='%255B'/>
                    <line tab='2' content='%2522xdc.runtime%252FAsserts%2522%252C'/>
                    <line tab='2' content='%257B'/>
                    <line tab='3' content='viewType%253A%2B%2522instance%2522%252C'/>
                    <line tab='3' content='fields%253A%2B%255B'/>
                    <line tab='4' content='%2522Assert.Id%2522'/>
                    <line tab='3' content='%255D'/>
                    <line tab='2' content='%257D'/>
                    <line tab='1' content='%255D%252C'/>
                    <line tab='1' content='%255B'/>
                    <line tab='2' content='%2522xdc.runtime%252FErrors%2522%252C'/>
                    <line tab='2' content='%257B'/>
                    <line tab='3' content='viewType%253A%2B%2522module%2522%252C'/>
                    <line tab='3' content='fields%253A%2B%255B'/>
                    <line tab='4' content='%2522Error.Id%2522'/>
                    <line tab='3' content='%255D'/>
                    <line tab='2' content='%257D'/>
                    <line tab='1' content='%255D%252C'/>
                    <line tab='1' content='%255B'/>
                    <line tab='2' content='%2522xdc.runtime%252FErrors%2522%252C'/>
                    <line tab='2' content='%257B'/>
                    <line tab='3' content='viewType%253A%2B%2522instance%2522%252C'/>
                    <line tab='3' content='fields%253A%2B%255B'/>
                    <line tab='4' content='%2522Error.Id%2522'/>
                    <line tab='3' content='%255D'/>
                    <line tab='2' content='%257D'/>
                    <line tab='1' content='%255D'/>
                    <line tab='0' content='%255D%3B'/>
                </synopSpec>
                <synopMeta>
                    <line tab='0' content='%3Cspan+class%3D%22xdoc-kw1%22%3Econst%3C%2Fspan%3E+%3Cgo%3EException.%3Cspan+class%3D%22xdoc-id%22%3EconfigNameMap%24%3C%2Fspan%3E%3C%2Fgo%3E+%3D+%3Ci%3E%3Ca+class%3D%22xdoc-link%22+href%3D%22..%2F..%2F..%2F..%2F..%2Fxdc%2Fruntime%2FTypes.html%23.View.Info%22+title%3D%22xdc.runtime.Types.ViewInfo%22%3ETypes.ViewInfo%3C%2Fa%3E%5B%3Cspan+class%3D%22xdoc-kw1%22%3Estring%3C%2Fspan%3E%5D%3C%2Fi%3E+%255B'/>
                    <line tab='1' content='%255B'/>
                    <line tab='2' content='%2522xdc.runtime%252FMemory%2522%252C'/>
                    <line tab='2' content='%257B'/>
                    <line tab='3' content='viewType%253A%2B%2522module%2522%252C'/>
                    <line tab='3' content='fields%253A%2B%255B'/>
                    <line tab='4' content='%2522common%2524.instanceHeap%2522%252C'/>
                    <line tab='4' content='%2522common%2524.instanceSection%2522%252C'/>
                    <line tab='4' content='%2522common%2524.memoryPolicy%2522%252C'/>
                    <line tab='4' content='%2522common%2524.namedModule%2522%252C'/>
                    <line tab='4' content='%2522common%2524.namedInstance%2522%252C'/>
                    <line tab='4' content='%2522common%2524.fxntab%2522%252C'/>
                    <line tab='4' content='%2522common%2524.romPatchTable%2522'/>
                    <line tab='3' content='%255D'/>
                    <line tab='2' content='%257D'/>
                    <line tab='1' content='%255D%252C'/>
                    <line tab='1' content='%255B'/>
                    <line tab='2' content='%2522xdc.runtime%252FDiagnostics%2522%252C'/>
                    <line tab='2' content='%257B'/>
                    <line tab='3' content='viewType%253A%2B%2522module%2522%252C'/>
                    <line tab='3' content='fields%253A%2B%255B'/>
                    <line tab='4' content='%2522common%2524.logger%2522%252C'/>
                    <line tab='4' content='%2522common%2524.diags_ASSERT%2522%252C'/>
                    <line tab='4' content='%2522common%2524.diags_ENTRY%2522%252C'/>
                    <line tab='4' content='%2522common%2524.diags_EXIT%2522%252C'/>
                    <line tab='4' content='%2522common%2524.diags_INTERNAL%2522%252C'/>
                    <line tab='4' content='%2522common%2524.diags_LIFECYCLE%2522%252C'/>
                    <line tab='4' content='%2522common%2524.diags_STATUS%2522%252C'/>
                    <line tab='4' content='%2522common%2524.diags_USER1%2522%252C'/>
                    <line tab='4' content='%2522common%2524.diags_USER2%2522%252C'/>
                    <line tab='4' content='%2522common%2524.diags_USER3%2522%252C'/>
                    <line tab='4' content='%2522common%2524.diags_USER4%2522%252C'/>
                    <line tab='4' content='%2522common%2524.diags_USER5%2522%252C'/>
                    <line tab='4' content='%2522common%2524.diags_USER6%2522%252C'/>
                    <line tab='4' content='%2522common%2524.diags_INFO%2522%252C'/>
                    <line tab='4' content='%2522common%2524.diags_ANALYSIS%2522'/>
                    <line tab='3' content='%255D'/>
                    <line tab='2' content='%257D'/>
                    <line tab='1' content='%255D%252C'/>
                    <line tab='1' content='%255B'/>
                    <line tab='2' content='%2522xdc.runtime%252FConcurrency%2522%252C'/>
                    <line tab='2' content='%257B'/>
                    <line tab='3' content='viewType%253A%2B%2522module%2522%252C'/>
                    <line tab='3' content='fields%253A%2B%255B'/>
                    <line tab='4' content='%2522common%2524.gate%2522%252C'/>
                    <line tab='4' content='%2522common%2524.gateParams%2522'/>
                    <line tab='3' content='%255D'/>
                    <line tab='2' content='%257D'/>
                    <line tab='1' content='%255D%252C'/>
                    <line tab='1' content='%255B'/>
                    <line tab='2' content='%2522xdc.runtime%252FLog%2BEvents%2522%252C'/>
                    <line tab='2' content='%257B'/>
                    <line tab='3' content='viewType%253A%2B%2522module%2522%252C'/>
                    <line tab='3' content='fields%253A%2B%255B'/>
                    <line tab='4' content='%2522Log.Event%2522'/>
                    <line tab='3' content='%255D'/>
                    <line tab='2' content='%257D'/>
                    <line tab='1' content='%255D%252C'/>
                    <line tab='1' content='%255B'/>
                    <line tab='2' content='%2522xdc.runtime%252FLog%2BEvents%2522%252C'/>
                    <line tab='2' content='%257B'/>
                    <line tab='3' content='viewType%253A%2B%2522instance%2522%252C'/>
                    <line tab='3' content='fields%253A%2B%255B'/>
                    <line tab='4' content='%2522Log.Event%2522'/>
                    <line tab='3' content='%255D'/>
                    <line tab='2' content='%257D'/>
                    <line tab='1' content='%255D%252C'/>
                    <line tab='1' content='%255B'/>
                    <line tab='2' content='%2522xdc.runtime%252FAsserts%2522%252C'/>
                    <line tab='2' content='%257B'/>
                    <line tab='3' content='viewType%253A%2B%2522module%2522%252C'/>
                    <line tab='3' content='fields%253A%2B%255B'/>
                    <line tab='4' content='%2522Assert.Id%2522'/>
                    <line tab='3' content='%255D'/>
                    <line tab='2' content='%257D'/>
                    <line tab='1' content='%255D%252C'/>
                    <line tab='1' content='%255B'/>
                    <line tab='2' content='%2522xdc.runtime%252FAsserts%2522%252C'/>
                    <line tab='2' content='%257B'/>
                    <line tab='3' content='viewType%253A%2B%2522instance%2522%252C'/>
                    <line tab='3' content='fields%253A%2B%255B'/>
                    <line tab='4' content='%2522Assert.Id%2522'/>
                    <line tab='3' content='%255D'/>
                    <line tab='2' content='%257D'/>
                    <line tab='1' content='%255D%252C'/>
                    <line tab='1' content='%255B'/>
                    <line tab='2' content='%2522xdc.runtime%252FErrors%2522%252C'/>
                    <line tab='2' content='%257B'/>
                    <line tab='3' content='viewType%253A%2B%2522module%2522%252C'/>
                    <line tab='3' content='fields%253A%2B%255B'/>
                    <line tab='4' content='%2522Error.Id%2522'/>
                    <line tab='3' content='%255D'/>
                    <line tab='2' content='%257D'/>
                    <line tab='1' content='%255D%252C'/>
                    <line tab='1' content='%255B'/>
                    <line tab='2' content='%2522xdc.runtime%252FErrors%2522%252C'/>
                    <line tab='2' content='%257B'/>
                    <line tab='3' content='viewType%253A%2B%2522instance%2522%252C'/>
                    <line tab='3' content='fields%253A%2B%255B'/>
                    <line tab='4' content='%2522Error.Id%2522'/>
                    <line tab='3' content='%255D'/>
                    <line tab='2' content='%257D'/>
                    <line tab='1' content='%255D'/>
                    <line tab='0' content='%255D%3B'/>
                </synopMeta>
            </decl>
            <decl spacer='1'/>
            <decl kind='config' name='E_dataAbort' anchor='.E_data.Abort' altext='ti.sysbios.family.arm.exc.Exception.E_dataAbort' nodoc='0' external='1' overrides='0' readonly='0' instance='0' summary='Error+raised+when+an+data+abort+exception+occurs'>
                <synopSpec>
                    <line tab='0' content='%3Cspan+class%3D%22xdoc-kw1%22%3Econfig%3C%2Fspan%3E+%3Ca+class%3D%22xdoc-link%22+href%3D%22..%2F..%2F..%2F..%2F..%2Fxdc%2Fruntime%2FError.html%23.Id%22+title%3D%22xdc.runtime.Error.Id%22%3EError.Id%3C%2Fa%3E%26nbsp%3B%3Cgo%3E%3Cspan+class%3D%22xdoc-id%22%3EE_dataAbort%3C%2Fspan%3E%3C%2Fgo%3E+%3D+%257B'/>
                    <line tab='1' content='msg%253A%2B%2522E_dataAbort%253A%2Bpc%2B%253D%2B0x%252508x%252C%2Blr%2B%253D%2B0x%252508x.%2522'/>
                    <line tab='0' content='%257D%3B'/>
                </synopSpec>
                <synopMeta>
                    <line tab='0' content='%3Cgo%3EException.%3Cspan+class%3D%22xdoc-id%22%3EE_dataAbort%3C%2Fspan%3E%3C%2Fgo%3E+%3D+%3Ci%3E%3Ca+class%3D%22xdoc-link%22+href%3D%22..%2F..%2F..%2F..%2F..%2Fxdc%2Fruntime%2FError.html%23.Desc%22+title%3D%22xdc.runtime.Error.Desc%22%3EError.Desc%3C%2Fa%3E%3C%2Fi%3E+%257B'/>
                    <line tab='1' content='msg%253A%2B%2522E_dataAbort%253A%2Bpc%2B%253D%2B0x%252508x%252C%2Blr%2B%253D%2B0x%252508x.%2522'/>
                    <line tab='0' content='%257D%3B'/>
                </synopMeta>
                <synopTarg>
                    <line tab='0' content='%3Cspan+class%3D%22xdoc-kw1%22%3Eextern+const%3C%2Fspan%3E+%3Ca+class%3D%22xdoc-link%22+href%3D%22..%2F..%2F..%2F..%2F..%2Fxdc%2Fruntime%2FError.html%23.Id%22+title%3D%22xdc.runtime.Error.Id%22%3EError_Id%3C%2Fa%3E%26nbsp%3B%3Cgo%3E%3Cspan+class%3D%22xdoc-id%22%3EException_E_dataAbort%3C%2Fspan%3E%3C%2Fgo%3E%3B'/>
                </synopTarg>
            </decl>
            <decl kind='config' name='E_prefetchAbort' anchor='.E_prefetch.Abort' altext='ti.sysbios.family.arm.exc.Exception.E_prefetchAbort' nodoc='0' external='1' overrides='0' readonly='0' instance='0' summary='Error+raised+when+an+prefetch+abort+exception+occurs'>
                <synopSpec>
                    <line tab='0' content='%3Cspan+class%3D%22xdoc-kw1%22%3Econfig%3C%2Fspan%3E+%3Ca+class%3D%22xdoc-link%22+href%3D%22..%2F..%2F..%2F..%2F..%2Fxdc%2Fruntime%2FError.html%23.Id%22+title%3D%22xdc.runtime.Error.Id%22%3EError.Id%3C%2Fa%3E%26nbsp%3B%3Cgo%3E%3Cspan+class%3D%22xdoc-id%22%3EE_prefetchAbort%3C%2Fspan%3E%3C%2Fgo%3E+%3D+%257B'/>
                    <line tab='1' content='msg%253A%2B%2522E_prefetchAbort%253A%2Bpc%2B%253D%2B0x%252508x%252C%2Blr%2B%253D%2B0x%252508x.%2522'/>
                    <line tab='0' content='%257D%3B'/>
                </synopSpec>
                <synopMeta>
                    <line tab='0' content='%3Cgo%3EException.%3Cspan+class%3D%22xdoc-id%22%3EE_prefetchAbort%3C%2Fspan%3E%3C%2Fgo%3E+%3D+%3Ci%3E%3Ca+class%3D%22xdoc-link%22+href%3D%22..%2F..%2F..%2F..%2F..%2Fxdc%2Fruntime%2FError.html%23.Desc%22+title%3D%22xdc.runtime.Error.Desc%22%3EError.Desc%3C%2Fa%3E%3C%2Fi%3E+%257B'/>
                    <line tab='1' content='msg%253A%2B%2522E_prefetchAbort%253A%2Bpc%2B%253D%2B0x%252508x%252C%2Blr%2B%253D%2B0x%252508x.%2522'/>
                    <line tab='0' content='%257D%3B'/>
                </synopMeta>
                <synopTarg>
                    <line tab='0' content='%3Cspan+class%3D%22xdoc-kw1%22%3Eextern+const%3C%2Fspan%3E+%3Ca+class%3D%22xdoc-link%22+href%3D%22..%2F..%2F..%2F..%2F..%2Fxdc%2Fruntime%2FError.html%23.Id%22+title%3D%22xdc.runtime.Error.Id%22%3EError_Id%3C%2Fa%3E%26nbsp%3B%3Cgo%3E%3Cspan+class%3D%22xdoc-id%22%3EException_E_prefetchAbort%3C%2Fspan%3E%3C%2Fgo%3E%3B'/>
                </synopTarg>
            </decl>
            <decl kind='config' name='E_swi' anchor='.E_swi' altext='ti.sysbios.family.arm.exc.Exception.E_swi' nodoc='0' external='1' overrides='0' readonly='0' instance='0' summary='Error+raised+when+a+SWI+exception+occurs'>
                <synopSpec>
                    <line tab='0' content='%3Cspan+class%3D%22xdoc-kw1%22%3Econfig%3C%2Fspan%3E+%3Ca+class%3D%22xdoc-link%22+href%3D%22..%2F..%2F..%2F..%2F..%2Fxdc%2Fruntime%2FError.html%23.Id%22+title%3D%22xdc.runtime.Error.Id%22%3EError.Id%3C%2Fa%3E%26nbsp%3B%3Cgo%3E%3Cspan+class%3D%22xdoc-id%22%3EE_swi%3C%2Fspan%3E%3C%2Fgo%3E+%3D+%257B'/>
                    <line tab='1' content='msg%253A%2B%2522E_swi%253A%2Bpc%2B%253D%2B0x%252508x%252C%2Blr%2B%253D%2B0x%252508x.%2522'/>
                    <line tab='0' content='%257D%3B'/>
                </synopSpec>
                <synopMeta>
                    <line tab='0' content='%3Cgo%3EException.%3Cspan+class%3D%22xdoc-id%22%3EE_swi%3C%2Fspan%3E%3C%2Fgo%3E+%3D+%3Ci%3E%3Ca+class%3D%22xdoc-link%22+href%3D%22..%2F..%2F..%2F..%2F..%2Fxdc%2Fruntime%2FError.html%23.Desc%22+title%3D%22xdc.runtime.Error.Desc%22%3EError.Desc%3C%2Fa%3E%3C%2Fi%3E+%257B'/>
                    <line tab='1' content='msg%253A%2B%2522E_swi%253A%2Bpc%2B%253D%2B0x%252508x%252C%2Blr%2B%253D%2B0x%252508x.%2522'/>
                    <line tab='0' content='%257D%3B'/>
                </synopMeta>
                <synopTarg>
                    <line tab='0' content='%3Cspan+class%3D%22xdoc-kw1%22%3Eextern+const%3C%2Fspan%3E+%3Ca+class%3D%22xdoc-link%22+href%3D%22..%2F..%2F..%2F..%2F..%2Fxdc%2Fruntime%2FError.html%23.Id%22+title%3D%22xdc.runtime.Error.Id%22%3EError_Id%3C%2Fa%3E%26nbsp%3B%3Cgo%3E%3Cspan+class%3D%22xdoc-id%22%3EException_E_swi%3C%2Fspan%3E%3C%2Fgo%3E%3B'/>
                </synopTarg>
            </decl>
            <decl kind='config' name='E_undefinedInstruction' anchor='.E_undefined.Instruction' altext='ti.sysbios.family.arm.exc.Exception.E_undefinedInstruction' nodoc='0' external='1' overrides='0' readonly='0' instance='0' summary='Error+raised+when+an+undefined+instruction+exception+occurs'>
                <synopSpec>
                    <line tab='0' content='%3Cspan+class%3D%22xdoc-kw1%22%3Econfig%3C%2Fspan%3E+%3Ca+class%3D%22xdoc-link%22+href%3D%22..%2F..%2F..%2F..%2F..%2Fxdc%2Fruntime%2FError.html%23.Id%22+title%3D%22xdc.runtime.Error.Id%22%3EError.Id%3C%2Fa%3E%26nbsp%3B%3Cgo%3E%3Cspan+class%3D%22xdoc-id%22%3EE_undefinedInstruction%3C%2Fspan%3E%3C%2Fgo%3E+%3D+%257B'/>
                    <line tab='1' content='msg%253A%2B%2522E_undefinedInstruction%253A%2Bpc%2B%253D%2B0x%252508x%252C%2Blr%2B%253D%2B0x%252508x.%2522'/>
                    <line tab='0' content='%257D%3B'/>
                </synopSpec>
                <synopMeta>
                    <line tab='0' content='%3Cgo%3EException.%3Cspan+class%3D%22xdoc-id%22%3EE_undefinedInstruction%3C%2Fspan%3E%3C%2Fgo%3E+%3D+%3Ci%3E%3Ca+class%3D%22xdoc-link%22+href%3D%22..%2F..%2F..%2F..%2F..%2Fxdc%2Fruntime%2FError.html%23.Desc%22+title%3D%22xdc.runtime.Error.Desc%22%3EError.Desc%3C%2Fa%3E%3C%2Fi%3E+%257B'/>
                    <line tab='1' content='msg%253A%2B%2522E_undefinedInstruction%253A%2Bpc%2B%253D%2B0x%252508x%252C%2Blr%2B%253D%2B0x%252508x.%2522'/>
                    <line tab='0' content='%257D%3B'/>
                </synopMeta>
                <synopTarg>
                    <line tab='0' content='%3Cspan+class%3D%22xdoc-kw1%22%3Eextern+const%3C%2Fspan%3E+%3Ca+class%3D%22xdoc-link%22+href%3D%22..%2F..%2F..%2F..%2F..%2Fxdc%2Fruntime%2FError.html%23.Id%22+title%3D%22xdc.runtime.Error.Id%22%3EError_Id%3C%2Fa%3E%26nbsp%3B%3Cgo%3E%3Cspan+class%3D%22xdoc-id%22%3EException_E_undefinedInstruction%3C%2Fspan%3E%3C%2Fgo%3E%3B'/>
                </synopTarg>
            </decl>
            <decl kind='config' name='enableDecode' anchor='enable.Decode' altext='ti.sysbios.family.arm.exc.Exception.enableDecode' nodoc='0' external='1' overrides='0' readonly='0' instance='0' summary='Enable+full+exception+decoding%2C+default+is+true'>
                <synopSpec>
                    <line tab='0' content='%3Cspan+class%3D%22xdoc-kw1%22%3Econfig%3C%2Fspan%3E+%3Cspan+class%3D%22xdoc-kw2%22%3EBool%3C%2Fspan%3E%26nbsp%3B%3Cgo%3E%3Cspan+class%3D%22xdoc-id%22%3EenableDecode%3C%2Fspan%3E%3C%2Fgo%3E+%3D+%253Cspan%2Bclass%253D%2522xdoc-kw2%2522%253Etrue%253C%252Fspan%253E%3B'/>
                </synopSpec>
                <synopMeta>
                    <line tab='0' content='%3Cgo%3EException.%3Cspan+class%3D%22xdoc-id%22%3EenableDecode%3C%2Fspan%3E%3C%2Fgo%3E+%3D+%3Ci%3E%3Cspan+class%3D%22xdoc-kw2%22%3EBool%3C%2Fspan%3E%3C%2Fi%3E+%253Cspan%2Bclass%253D%2522xdoc-kw2%2522%253Etrue%253C%252Fspan%253E%3B'/>
                </synopMeta>
                <synopTarg>
                    <line tab='0' content='%3Cspan+class%3D%22xdoc-kw1%22%3Eextern+const%3C%2Fspan%3E+%3Cspan+class%3D%22xdoc-kw2%22%3EBool%3C%2Fspan%3E%26nbsp%3B%3Cgo%3E%3Cspan+class%3D%22xdoc-id%22%3EException_enableDecode%3C%2Fspan%3E%3C%2Fgo%3E%3B'/>
                </synopTarg>
                <docSect name='details'>
                    <docPara content='When+enabled%2C+the+exception+handler+will+fully%0A++decode+an+exception+and+dump+the+registers+to+the%0A++system+console.'/>
                    <docPara content='When+set+to+false%2C+only+an+Error+is+printed+on+the+console.'/>
                    <docPara content='In+either+case%2C+the+full+exception+context+is+always%0A++saved+and+visible+with+ROV.'/>
                </docSect>
            </decl>
            <decl kind='config' name='excHookFunc' anchor='exc.Hook.Func' altext='ti.sysbios.family.arm.exc.Exception.excHookFunc' nodoc='0' external='1' overrides='0' readonly='0' instance='0' summary='User+Exception+hook+function'>
                <synopSpec>
                    <line tab='0' content='%3Cspan+class%3D%22xdoc-kw1%22%3Econfig%3C%2Fspan%3E+%3Ca+class%3D%22xdoc-link%22+href%3D%22..%2F..%2F..%2F..%2F..%2Fti%2Fsysbios%2Ffamily%2Farm%2Fexc%2FException.html%23.Exception.Hook.Func.Ptr%22+title%3D%22ti.sysbios.family.arm.exc.Exception.ExceptionHookFuncPtr%22%3EException.ExceptionHookFuncPtr%3C%2Fa%3E%26nbsp%3B%3Cgo%3E%3Cspan+class%3D%22xdoc-id%22%3EexcHookFunc%3C%2Fspan%3E%3C%2Fgo%3E+%3D+%253Cspan%2Bclass%253D%2522xdoc-kw2%2522%253Enull%253C%252Fspan%253E%3B'/>
                </synopSpec>
                <synopMeta>
                    <line tab='0' content='%3Cgo%3EException.%3Cspan+class%3D%22xdoc-id%22%3EexcHookFunc%3C%2Fspan%3E%3C%2Fgo%3E+%3D+%3Ci%3E%3Cspan+class%3D%22xdoc-kw2%22%3EVoid%3C%2Fspan%3E%28*%29%28%3Ca+class%3D%22xdoc-link%22+href%3D%22..%2F..%2F..%2F..%2F..%2Fti%2Fsysbios%2Ffamily%2Farm%2Fexc%2FException.html%23.Exc.Context%22+title%3D%22ti.sysbios.family.arm.exc.Exception.ExcContext%22%3EException.ExcContext%3C%2Fa%3E*%29%3C%2Fi%3E+%253Cspan%2Bclass%253D%2522xdoc-kw2%2522%253Enull%253C%252Fspan%253E%3B'/>
                </synopMeta>
                <synopTarg>
                    <line tab='0' content='%3Cspan+class%3D%22xdoc-kw1%22%3Eextern+const%3C%2Fspan%3E+%3Ca+class%3D%22xdoc-link%22+href%3D%22..%2F..%2F..%2F..%2F..%2Fti%2Fsysbios%2Ffamily%2Farm%2Fexc%2FException.html%23.Exception.Hook.Func.Ptr%22+title%3D%22ti.sysbios.family.arm.exc.Exception.ExceptionHookFuncPtr%22%3EException_ExceptionHookFuncPtr%3C%2Fa%3E%26nbsp%3B%3Cgo%3E%3Cspan+class%3D%22xdoc-id%22%3EException_excHookFunc%3C%2Fspan%3E%3C%2Fgo%3E%3B'/>
                </synopTarg>
                <docSect name='details'>
                    <docPara content='Called+just+after+exception+context+has+been+initialized.'/>
                </docSect>
            </decl>
            <decl kind='config' name='excStack' anchor='exc.Stack' altext='ti.sysbios.family.arm.exc.Exception.excStack' nodoc='1' external='1' overrides='0' readonly='0' instance='0' summary=''>
                <synopSpec>
                    <line tab='0' content='%3Cspan+class%3D%22xdoc-kw1%22%3Econfig%3C%2Fspan%3E+%3Cspan+class%3D%22xdoc-kw2%22%3EPtr%3C%2Fspan%3E%26nbsp%3B%3Cgo%3E%3Cspan+class%3D%22xdoc-id%22%3EexcStack%3C%2Fspan%3E%3C%2Fgo%3E+%3D+%253Cspan%2Bclass%253D%2522xdoc-kw2%2522%253Enull%253C%252Fspan%253E%3B'/>
                </synopSpec>
                <synopMeta>
                    <line tab='0' content='%3Cgo%3EException.%3Cspan+class%3D%22xdoc-id%22%3EexcStack%3C%2Fspan%3E%3C%2Fgo%3E+%3D+%3Ci%3E%3Cspan+class%3D%22xdoc-kw2%22%3EPtr%3C%2Fspan%3E%3C%2Fi%3E+%253Cspan%2Bclass%253D%2522xdoc-kw2%2522%253Enull%253C%252Fspan%253E%3B'/>
                </synopMeta>
                <synopTarg>
                    <line tab='0' content='%3Cspan+class%3D%22xdoc-kw1%22%3Eextern+const%3C%2Fspan%3E+%3Cspan+class%3D%22xdoc-kw2%22%3EPtr%3C%2Fspan%3E%26nbsp%3B%3Cgo%3E%3Cspan+class%3D%22xdoc-id%22%3EException_excStack%3C%2Fspan%3E%3C%2Fgo%3E%3B'/>
                </synopTarg>
            </decl>
            <decl spacer='1'/>
            <decl kind='config' name='common$' anchor='common$' altext='ti.sysbios.family.arm.exc.Exception.common$' nodoc='0' external='1' overrides='0' readonly='0' instance='0' summary='Common+module+configuration+parameters' origin='%3Ca+class%3D%22xdoc-link%22+href%3D%22..%2F..%2F..%2F..%2F..%2Fxdc%2Fruntime%2FIModule.html%23common%24%22+title%3D%22xdc.runtime.IModule.common%24%22%3EIModule%3C%2Fa%3E' metaonly='1'>
                <synopSpec>
                    <line tab='0' content='%3Cspan+class%3D%22xdoc-kw1%22%3Emetaonly+%3C%2Fspan%3E%3Cspan+class%3D%22xdoc-kw1%22%3Econfig%3C%2Fspan%3E+%3Ca+class%3D%22xdoc-link%22+href%3D%22..%2F..%2F..%2F..%2F..%2Fxdc%2Fruntime%2FTypes.html%23.Common%24%22+title%3D%22xdc.runtime.Types.Common%24%22%3ETypes.Common%24%3C%2Fa%3E%26nbsp%3B%3Cgo%3E%3Cspan+class%3D%22xdoc-id%22%3Ecommon%24%3C%2Fspan%3E%3C%2Fgo%3E%3B'/>
                </synopSpec>
                <synopMeta>
                    <line tab='0' content='%3Cgo%3EException.%3Cspan+class%3D%22xdoc-id%22%3Ecommon%24%3C%2Fspan%3E%3C%2Fgo%3E+%3D+%3Ci%3E%3Ca+class%3D%22xdoc-link%22+href%3D%22..%2F..%2F..%2F..%2F..%2Fxdc%2Fruntime%2FTypes.html%23.Common%24%22+title%3D%22xdc.runtime.Types.Common%24%22%3ETypes.Common%24%3C%2Fa%3E%3C%2Fi%3E+%3Cspan+class%3D%22xdoc-kw2%22%3Eundefined%3C%2Fspan%3E%3B'/>
                </synopMeta>
                <docSect name='details'>
                    <docPara content='All+modules+have+this+configuration+parameter.++Its+name%0A++contains+the+%27%24%27+character+to+ensure+it+does+not+conflict+with%0A++configuration+parameters+declared+by+the+module.++This+allows%0A++new+configuration+parameters+to+be+added+in+the+future+without%0A++any+chance+of+breaking+existing+modules.'/>
                </docSect>
            </decl>
            <decl kind='config' name='excContextBuffer' anchor='exc.Context.Buffer' altext='ti.sysbios.family.arm.exc.Exception.excContextBuffer' nodoc='0' external='1' overrides='0' readonly='0' instance='0' summary='User+Exception+Context+Buffer+Address' metaonly='1'>
                <synopSpec>
                    <line tab='0' content='%3Cspan+class%3D%22xdoc-kw1%22%3Emetaonly+%3C%2Fspan%3E%3Cspan+class%3D%22xdoc-kw1%22%3Econfig%3C%2Fspan%3E+%3Cspan+class%3D%22xdoc-kw2%22%3EPtr%3C%2Fspan%3E%26nbsp%3B%3Cgo%3E%3Cspan+class%3D%22xdoc-id%22%3EexcContextBuffer%3C%2Fspan%3E%3C%2Fgo%3E%3B'/>
                </synopSpec>
                <synopMeta>
                    <line tab='0' content='%3Cgo%3EException.%3Cspan+class%3D%22xdoc-id%22%3EexcContextBuffer%3C%2Fspan%3E%3C%2Fgo%3E+%3D+%3Ci%3E%3Cspan+class%3D%22xdoc-kw2%22%3EPtr%3C%2Fspan%3E%3C%2Fi%3E+%3Cspan+class%3D%22xdoc-kw2%22%3Eundefined%3C%2Fspan%3E%3B'/>
                </synopMeta>
                <docSect name='details'>
                    <docPara content='By+default%2C+when+an+exception+occurs%2C+an+%3Ca+class%3D%22xdoc-link%22+href%3D%22Exception.html%23.Exc.Context%22+title%3D%22ExcContext%22%3EExcContext%3C%2Fa%3E%0A++structure+is+allocated+on+the+exception+stack+and+filled+in%0A++by+the+exception+handler.'/>
                    <docPara content='If+%3Ca+class%3D%22xdoc-link%22+href%3D%22Exception.html%23exc.Context.Buffer%22+title%3D%22excContextBuffer%22%3EexcContextBuffer%3C%2Fa%3E+is+initialized+by+the+user%2C+the%0A++%3Ca+class%3D%22xdoc-link%22+href%3D%22Exception.html%23.Exc.Context%22+title%3D%22ExcContext%22%3EExcContext%3C%2Fa%3E+structure+will+be+placed+at+that+address+instead.'/>
                    <docPara content='The+buffer+must+be+large+enough+to+contain+an+%3Ca+class%3D%22xdoc-link%22+href%3D%22Exception.html%23.Exc.Context%22+title%3D%22ExcContext%22%3EExcContext%3C%2Fa%3E%0A++structure.'/>
                </docSect>
            </decl>
            <decl kind='config' name='excStackBuffer' anchor='exc.Stack.Buffer' altext='ti.sysbios.family.arm.exc.Exception.excStackBuffer' nodoc='0' external='1' overrides='0' readonly='0' instance='0' summary='User+Exception+Stack+Buffer+Address' metaonly='1'>
                <synopSpec>
                    <line tab='0' content='%3Cspan+class%3D%22xdoc-kw1%22%3Emetaonly+%3C%2Fspan%3E%3Cspan+class%3D%22xdoc-kw1%22%3Econfig%3C%2Fspan%3E+%3Cspan+class%3D%22xdoc-kw2%22%3EPtr%3C%2Fspan%3E%26nbsp%3B%3Cgo%3E%3Cspan+class%3D%22xdoc-id%22%3EexcStackBuffer%3C%2Fspan%3E%3C%2Fgo%3E%3B'/>
                </synopSpec>
                <synopMeta>
                    <line tab='0' content='%3Cgo%3EException.%3Cspan+class%3D%22xdoc-id%22%3EexcStackBuffer%3C%2Fspan%3E%3C%2Fgo%3E+%3D+%3Ci%3E%3Cspan+class%3D%22xdoc-kw2%22%3EPtr%3C%2Fspan%3E%3C%2Fi%3E+%3Cspan+class%3D%22xdoc-kw2%22%3Eundefined%3C%2Fspan%3E%3B'/>
                </synopMeta>
                <docSect name='details'>
                    <docPara content='When+an+exception+occurs%2C+a+pointer+to+the+base+address%0A++of+the+stack+being+used+by+the+thread+causing+the+exception+is+stored%0A++in+the+ExcContext+buffer.'/>
                    <docPara content='If+%3Ca+class%3D%22xdoc-link%22+href%3D%22Exception.html%23exc.Stack.Buffer%22+title%3D%22excStackBuffer%22%3EexcStackBuffer%3C%2Fa%3E+is+initialized+by+the+user%2C+the%0A++entire+contents+of+that+stack+will+also+be%0A++copied+to+the+address+specified.'/>
                    <docPara content='The+buffer+must+be+large+enough+to+contain+the+largest+task+stack+or+ISR%0A++stack+defined+in+the+application.'/>
                </docSect>
            </decl>
            <decl kind='config' name='excStackSection' anchor='exc.Stack.Section' altext='ti.sysbios.family.arm.exc.Exception.excStackSection' nodoc='0' external='1' overrides='0' readonly='0' instance='0' summary='Memory+section+used+for+Exception+stack.%0A++Default+is+null%2C+which+results+in+the+stack%0A++being+placed+in+.bss' metaonly='1'>
                <synopSpec>
                    <line tab='0' content='%3Cspan+class%3D%22xdoc-kw1%22%3Emetaonly+%3C%2Fspan%3E%3Cspan+class%3D%22xdoc-kw1%22%3Econfig%3C%2Fspan%3E+%3Cspan+class%3D%22xdoc-kw2%22%3EString%3C%2Fspan%3E%26nbsp%3B%3Cgo%3E%3Cspan+class%3D%22xdoc-id%22%3EexcStackSection%3C%2Fspan%3E%3C%2Fgo%3E+%3D+%253Cspan%2Bclass%253D%2522xdoc-kw2%2522%253Enull%253C%252Fspan%253E%3B'/>
                </synopSpec>
                <synopMeta>
                    <line tab='0' content='%3Cgo%3EException.%3Cspan+class%3D%22xdoc-id%22%3EexcStackSection%3C%2Fspan%3E%3C%2Fgo%3E+%3D+%3Ci%3E%3Cspan+class%3D%22xdoc-kw2%22%3EString%3C%2Fspan%3E%3C%2Fi%3E+%253Cspan%2Bclass%253D%2522xdoc-kw2%2522%253Enull%253C%252Fspan%253E%3B'/>
                </synopMeta>
            </decl>
            <decl kind='config' name='excStackSize' anchor='exc.Stack.Size' altext='ti.sysbios.family.arm.exc.Exception.excStackSize' nodoc='0' external='1' overrides='0' readonly='0' instance='0' summary='Exception+stack+size+in+MAUs.%0A+Default+is+128+bytes' metaonly='1'>
                <synopSpec>
                    <line tab='0' content='%3Cspan+class%3D%22xdoc-kw1%22%3Emetaonly+%3C%2Fspan%3E%3Cspan+class%3D%22xdoc-kw1%22%3Econfig%3C%2Fspan%3E+%3Cspan+class%3D%22xdoc-kw2%22%3ESizeT%3C%2Fspan%3E%26nbsp%3B%3Cgo%3E%3Cspan+class%3D%22xdoc-id%22%3EexcStackSize%3C%2Fspan%3E%3C%2Fgo%3E+%3D+128%3B'/>
                </synopSpec>
                <synopMeta>
                    <line tab='0' content='%3Cgo%3EException.%3Cspan+class%3D%22xdoc-id%22%3EexcStackSize%3C%2Fspan%3E%3C%2Fgo%3E+%3D+%3Ci%3E%3Cspan+class%3D%22xdoc-kw2%22%3ESizeT%3C%2Fspan%3E%3C%2Fi%3E+128%3B'/>
                </synopMeta>
            </decl>
            <decl kind='config' name='rovShowRawTab$' anchor='rov.Show.Raw.Tab$' altext='ti.sysbios.family.arm.exc.Exception.rovShowRawTab$' nodoc='1' external='1' overrides='0' readonly='0' instance='0' summary='' origin='%3Ca+class%3D%22xdoc-link%22+href%3D%22..%2F..%2F..%2F..%2F..%2Fxdc%2Fruntime%2FIModule.html%23rov.Show.Raw.Tab%24%22+title%3D%22xdc.runtime.IModule.rovShowRawTab%24%22%3EIModule%3C%2Fa%3E' metaonly='1'>
                <synopSpec>
                    <line tab='0' content='%3Cspan+class%3D%22xdoc-kw1%22%3Emetaonly+%3C%2Fspan%3E%3Cspan+class%3D%22xdoc-kw1%22%3Econfig%3C%2Fspan%3E+%3Cspan+class%3D%22xdoc-kw2%22%3EBool%3C%2Fspan%3E%26nbsp%3B%3Cgo%3E%3Cspan+class%3D%22xdoc-id%22%3ErovShowRawTab%24%3C%2Fspan%3E%3C%2Fgo%3E+%3D+%253Cspan%2Bclass%253D%2522xdoc-kw2%2522%253Etrue%253C%252Fspan%253E%3B'/>
                </synopSpec>
                <synopMeta>
                    <line tab='0' content='%3Cgo%3EException.%3Cspan+class%3D%22xdoc-id%22%3ErovShowRawTab%24%3C%2Fspan%3E%3C%2Fgo%3E+%3D+%3Ci%3E%3Cspan+class%3D%22xdoc-kw2%22%3EBool%3C%2Fspan%3E%3C%2Fi%3E+%253Cspan%2Bclass%253D%2522xdoc-kw2%2522%253Etrue%253C%252Fspan%253E%3B'/>
                </synopMeta>
            </decl>
            <decl kind='config' name='rovViewInfo' anchor='rov.View.Info' altext='ti.sysbios.family.arm.exc.Exception.rovViewInfo' nodoc='0' external='1' overrides='0' readonly='0' instance='0' summary='' metaonly='1'>
                <synopSpec>
                    <line tab='0' content='%3Cspan+class%3D%22xdoc-kw1%22%3Emetaonly+%3C%2Fspan%3E%3Cspan+class%3D%22xdoc-kw1%22%3Econfig%3C%2Fspan%3E+%3Ca+class%3D%22xdoc-link%22+href%3D%22..%2F..%2F..%2F..%2F..%2Fxdc%2Frov%2FViewInfo.html%23.Instance%22+title%3D%22xdc.rov.ViewInfo.Instance%22%3EViewInfo.Instance%3C%2Fa%3E%26nbsp%3B%3Cgo%3E%3Cspan+class%3D%22xdoc-id%22%3ErovViewInfo%3C%2Fspan%3E%3C%2Fgo%3E+%3D+%253Ca%2Bclass%253D%2522xdoc-link%2522%2Bhref%253D%2522..%252F..%252F..%252F..%252F..%252Fxdc%252Frov%252FViewInfo.html%2523per-instance_creation%2522%2Btitle%253D%2522xdc.rov.ViewInfo.create%2522%253EViewInfo.create%253C%252Fa%253E%3B'/>
                </synopSpec>
                <synopMeta>
                    <line tab='0' content='%3Cgo%3EException.%3Cspan+class%3D%22xdoc-id%22%3ErovViewInfo%3C%2Fspan%3E%3C%2Fgo%3E+%3D+%3Ci%3E%3Ca+class%3D%22xdoc-link%22+href%3D%22..%2F..%2F..%2F..%2F..%2Fxdc%2Frov%2FViewInfo.html%23.Instance%22+title%3D%22xdc.rov.ViewInfo.Instance%22%3EViewInfo.Instance%3C%2Fa%3E%3C%2Fi%3E+%253Ca%2Bclass%253D%2522xdoc-link%2522%2Bhref%253D%2522..%252F..%252F..%252F..%252F..%252Fxdc%252Frov%252FViewInfo.html%2523per-instance_creation%2522%2Btitle%253D%2522xdc.rov.ViewInfo.create%2522%253EViewInfo.create%253C%252Fa%253E%3B'/>
                </synopMeta>
            </decl>
            <decl kind='config' name='viewNameMap$' anchor='view.Name.Map$' altext='ti.sysbios.family.arm.exc.Exception.viewNameMap$' nodoc='1' external='1' overrides='0' readonly='0' instance='0' summary='Specifies+the+ROV+views+for+the+module' origin='%3Ca+class%3D%22xdoc-link%22+href%3D%22..%2F..%2F..%2F..%2F..%2Fxdc%2Fruntime%2FIModule.html%23view.Name.Map%24%22+title%3D%22xdc.runtime.IModule.viewNameMap%24%22%3EIModule%3C%2Fa%3E' metaonly='1'>
                <synopSpec>
                    <line tab='0' content='%3Cspan+class%3D%22xdoc-kw1%22%3Emetaonly+%3C%2Fspan%3E%3Cspan+class%3D%22xdoc-kw1%22%3Econfig%3C%2Fspan%3E+%3Ca+class%3D%22xdoc-link%22+href%3D%22..%2F..%2F..%2F..%2F..%2Fxdc%2Fruntime%2FTypes.html%23.View.Info%22+title%3D%22xdc.runtime.Types.ViewInfo%22%3ETypes.ViewInfo%3C%2Fa%3E%26nbsp%3B%3Cgo%3E%3Cspan+class%3D%22xdoc-id%22%3EviewNameMap%24%3C%2Fspan%3E%3C%2Fgo%3E%5B%3Cspan+class%3D%22xdoc-kw1%22%3Estring%3C%2Fspan%3E%5D%3B'/>
                </synopSpec>
                <synopMeta>
                    <line tab='0' content='%3Cgo%3EException.%3Cspan+class%3D%22xdoc-id%22%3EviewNameMap%24%3C%2Fspan%3E%3C%2Fgo%3E+%3D+%3Ci%3E%3Ca+class%3D%22xdoc-link%22+href%3D%22..%2F..%2F..%2F..%2F..%2Fxdc%2Fruntime%2FTypes.html%23.View.Info%22+title%3D%22xdc.runtime.Types.ViewInfo%22%3ETypes.ViewInfo%3C%2Fa%3E%5B%3Cspan+class%3D%22xdoc-kw1%22%3Estring%3C%2Fspan%3E%5D%3C%2Fi%3E+%3Cspan+class%3D%22xdoc-kw2%22%3Eundefined%3C%2Fspan%3E%3B'/>
                </synopMeta>
            </decl>
        </group>
        <group name='module-wide data'>
        </group>
        <group name='module-wide functions'>
            <decl spacer='1'/>
        </group>
        <group name='module-wide built-ins'>
            <synopTarg>
                <line tab='0' comment='Get+this+module%27s+unique+id' content='%3Ca+class%3D%22xdoc-link%22+href%3D%22..%2F..%2F..%2F..%2F..%2Fxdc%2Fruntime%2FTypes.html%23.Module.Id%22+title%3D%22xdc.runtime.Types.ModuleId%22%3ETypes_ModuleId%3C%2Fa%3E+%3Cgo%3E%3Cspan+class%3D%22xdoc-id%22%3EException_Module_id%3C%2Fspan%3E%3C%2Fgo%3E%28+%29%3B'/>
                <line blank='1' always='0'/>
                <line tab='0' comment='Test+if+this+module+has+completed+startup' content='%3Cspan+class%3D%22xdoc-kw2%22%3EBool%3C%2Fspan%3E+%3Cgo%3E%3Cspan+class%3D%22xdoc-id%22%3EException_Module_startupDone%3C%2Fspan%3E%3C%2Fgo%3E%28+%29%3B'/>
                <line blank='1' always='0'/>
                <line tab='0' comment='The+heap+from+which+this+module+allocates+memory' content='%3Ca+class%3D%22xdoc-link%22+href%3D%22..%2F..%2F..%2F..%2F..%2Fxdc%2Fruntime%2FIHeap.html%23per-instance_object_types%22+title%3D%22xdc.runtime.IHeap.Handle%22%3EIHeap_Handle%3C%2Fa%3E+%3Cgo%3E%3Cspan+class%3D%22xdoc-id%22%3EException_Module_heap%3C%2Fspan%3E%3C%2Fgo%3E%28+%29%3B'/>
                <line blank='1' always='0'/>
                <line tab='0' comment='Test+whether+this+module+has+a+diagnostics+mask' content='%3Cspan+class%3D%22xdoc-kw2%22%3EBool%3C%2Fspan%3E+%3Cgo%3E%3Cspan+class%3D%22xdoc-id%22%3EException_Module_hasMask%3C%2Fspan%3E%3C%2Fgo%3E%28+%29%3B'/>
                <line blank='1' always='0'/>
                <line tab='0' comment='Returns+the+diagnostics+mask+for+this+module' content='%3Cspan+class%3D%22xdoc-kw2%22%3EBits16%3C%2Fspan%3E+%3Cgo%3E%3Cspan+class%3D%22xdoc-id%22%3EException_Module_getMask%3C%2Fspan%3E%3C%2Fgo%3E%28+%29%3B'/>
                <line blank='1' always='0'/>
                <line tab='0' comment='Set+the+diagnostics+mask+for+this+module' content='%3Cspan+class%3D%22xdoc-kw2%22%3EVoid%3C%2Fspan%3E+%3Cgo%3E%3Cspan+class%3D%22xdoc-id%22%3EException_Module_setMask%3C%2Fspan%3E%3C%2Fgo%3E%28+%3Cspan+class%3D%22xdoc-kw2%22%3EBits16%3C%2Fspan%3E+%3Cspan+class%3D%22xdoc-id%22%3Emask%3C%2Fspan%3E+%29%3B'/>
            </synopTarg>
        </group>
    </unit>
</package>
