<?xml version="1.0"?>
<?xml-stylesheet type="text/xsl" href="toc.xsl"?>
<toc label="XDC Packages" topic="packages.html">
<topic class="toc-id" label="ti.catalog" href="ti/catalog/package.html" title="package ti.catalog">
<topic class="toc-id" label="ICpuDataSheet" href="ti/catalog/ICpuDataSheet.html" title="metaonly interface ti.catalog.ICpuDataSheet">
</topic>
</topic>
<topic class="toc-id" label="ti.catalog.arm" href="ti/catalog/arm/package.html" title="package ti.catalog.arm">
<topic class="toc-id" label="AM1705" href="ti/catalog/arm/AM1705.html" title="metaonly module ti.catalog.arm.AM1705">
</topic>
<topic class="toc-id" label="AM1707" href="ti/catalog/arm/AM1707.html" title="metaonly module ti.catalog.arm.AM1707">
</topic>
<topic class="toc-id" label="AM1806" href="ti/catalog/arm/AM1806.html" title="metaonly module ti.catalog.arm.AM1806">
</topic>
<topic class="toc-id" label="AM1808" href="ti/catalog/arm/AM1808.html" title="metaonly module ti.catalog.arm.AM1808">
</topic>
<topic class="toc-id" label="CortexM3" href="ti/catalog/arm/CortexM3.html" title="metaonly module ti.catalog.arm.CortexM3">
</topic>
<topic class="toc-id" label="ILM3Sx7xx" href="ti/catalog/arm/ILM3Sx7xx.html" title="metaonly interface ti.catalog.arm.ILM3Sx7xx">
</topic>
<topic class="toc-id" label="ILM3Sx9xx" href="ti/catalog/arm/ILM3Sx9xx.html" title="metaonly interface ti.catalog.arm.ILM3Sx9xx">
</topic>
<topic class="toc-id" label="ILM3SxBxx" href="ti/catalog/arm/ILM3SxBxx.html" title="metaonly interface ti.catalog.arm.ILM3SxBxx">
</topic>
<topic class="toc-id" label="IOMAP2x3x" href="ti/catalog/arm/IOMAP2x3x.html" title="metaonly interface ti.catalog.arm.IOMAP2x3x">
</topic>
<topic class="toc-id" label="IOMAP3xxx" href="ti/catalog/arm/IOMAP3xxx.html" title="metaonly interface ti.catalog.arm.IOMAP3xxx">
</topic>
<topic class="toc-id" label="ITMS320DA8xx" href="ti/catalog/arm/ITMS320DA8xx.html" title="metaonly interface ti.catalog.arm.ITMS320DA8xx">
</topic>
<topic class="toc-id" label="LM3S2793" href="ti/catalog/arm/LM3S2793.html" title="metaonly module ti.catalog.arm.LM3S2793">
</topic>
<topic class="toc-id" label="LM3S2B93" href="ti/catalog/arm/LM3S2B93.html" title="metaonly module ti.catalog.arm.LM3S2B93">
</topic>
<topic class="toc-id" label="LM3S5791" href="ti/catalog/arm/LM3S5791.html" title="metaonly module ti.catalog.arm.LM3S5791">
</topic>
<topic class="toc-id" label="LM3S5B91" href="ti/catalog/arm/LM3S5B91.html" title="metaonly module ti.catalog.arm.LM3S5B91">
</topic>
<topic class="toc-id" label="LM3S8962" href="ti/catalog/arm/LM3S8962.html" title="metaonly module ti.catalog.arm.LM3S8962">
</topic>
<topic class="toc-id" label="LM3S9790" href="ti/catalog/arm/LM3S9790.html" title="metaonly module ti.catalog.arm.LM3S9790">
</topic>
<topic class="toc-id" label="LM3S9792" href="ti/catalog/arm/LM3S9792.html" title="metaonly module ti.catalog.arm.LM3S9792">
</topic>
<topic class="toc-id" label="LM3S9B90" href="ti/catalog/arm/LM3S9B90.html" title="metaonly module ti.catalog.arm.LM3S9B90">
</topic>
<topic class="toc-id" label="LM3S9B92" href="ti/catalog/arm/LM3S9B92.html" title="metaonly module ti.catalog.arm.LM3S9B92">
</topic>
<topic class="toc-id" label="LM3S9B95" href="ti/catalog/arm/LM3S9B95.html" title="metaonly module ti.catalog.arm.LM3S9B95">
</topic>
<topic class="toc-id" label="LM3S9B96" href="ti/catalog/arm/LM3S9B96.html" title="metaonly module ti.catalog.arm.LM3S9B96">
</topic>
<topic class="toc-id" label="OMAP2430" href="ti/catalog/arm/OMAP2430.html" title="metaonly module ti.catalog.arm.OMAP2430">
</topic>
<topic class="toc-id" label="OMAP2431" href="ti/catalog/arm/OMAP2431.html" title="metaonly module ti.catalog.arm.OMAP2431">
</topic>
<topic class="toc-id" label="OMAP2530" href="ti/catalog/arm/OMAP2530.html" title="metaonly module ti.catalog.arm.OMAP2530">
</topic>
<topic class="toc-id" label="OMAP2531" href="ti/catalog/arm/OMAP2531.html" title="metaonly module ti.catalog.arm.OMAP2531">
</topic>
<topic class="toc-id" label="OMAP3403" href="ti/catalog/arm/OMAP3403.html" title="metaonly module ti.catalog.arm.OMAP3403">
</topic>
<topic class="toc-id" label="OMAP3405" href="ti/catalog/arm/OMAP3405.html" title="metaonly module ti.catalog.arm.OMAP3405">
</topic>
<topic class="toc-id" label="OMAP3425" href="ti/catalog/arm/OMAP3425.html" title="metaonly module ti.catalog.arm.OMAP3425">
</topic>
<topic class="toc-id" label="OMAP3503" href="ti/catalog/arm/OMAP3503.html" title="metaonly module ti.catalog.arm.OMAP3503">
</topic>
<topic class="toc-id" label="OMAP3505" href="ti/catalog/arm/OMAP3505.html" title="metaonly module ti.catalog.arm.OMAP3505">
</topic>
<topic class="toc-id" label="OMAP3515" href="ti/catalog/arm/OMAP3515.html" title="metaonly module ti.catalog.arm.OMAP3515">
</topic>
<topic class="toc-id" label="OMAP3517" href="ti/catalog/arm/OMAP3517.html" title="metaonly module ti.catalog.arm.OMAP3517">
</topic>
<topic class="toc-id" label="OMAP3525" href="ti/catalog/arm/OMAP3525.html" title="metaonly module ti.catalog.arm.OMAP3525">
</topic>
<topic class="toc-id" label="OMAP3530" href="ti/catalog/arm/OMAP3530.html" title="metaonly module ti.catalog.arm.OMAP3530">
</topic>
<topic class="toc-id" label="OMAPL108" href="ti/catalog/arm/OMAPL108.html" title="metaonly module ti.catalog.arm.OMAPL108">
</topic>
<topic class="toc-id" label="OMAPL118" href="ti/catalog/arm/OMAPL118.html" title="metaonly module ti.catalog.arm.OMAPL118">
</topic>
<topic class="toc-id" label="OMAPL137" href="ti/catalog/arm/OMAPL137.html" title="metaonly module ti.catalog.arm.OMAPL137">
</topic>
<topic class="toc-id" label="OMAPL138" href="ti/catalog/arm/OMAPL138.html" title="metaonly module ti.catalog.arm.OMAPL138">
</topic>
<topic class="toc-id" label="TMS320C1030" href="ti/catalog/arm/TMS320C1030.html" title="metaonly module ti.catalog.arm.TMS320C1030">
</topic>
<topic class="toc-id" label="TMS320C3430" href="ti/catalog/arm/TMS320C3430.html" title="metaonly module ti.catalog.arm.TMS320C3430">
</topic>
<topic class="toc-id" label="TMS320C5912" href="ti/catalog/arm/TMS320C5912.html" title="metaonly module ti.catalog.arm.TMS320C5912">
</topic>
<topic class="toc-id" label="TMS320CDM510" href="ti/catalog/arm/TMS320CDM510.html" title="metaonly module ti.catalog.arm.TMS320CDM510">
</topic>
<topic class="toc-id" label="TMS320CDM6446" href="ti/catalog/arm/TMS320CDM6446.html" title="metaonly module ti.catalog.arm.TMS320CDM6446">
</topic>
<topic class="toc-id" label="TMS320CDM6467" href="ti/catalog/arm/TMS320CDM6467.html" title="metaonly module ti.catalog.arm.TMS320CDM6467">
</topic>
<topic class="toc-id" label="TMS320CDM730" href="ti/catalog/arm/TMS320CDM730.html" title="metaonly module ti.catalog.arm.TMS320CDM730">
</topic>
<topic class="toc-id" label="TMS320CDM740" href="ti/catalog/arm/TMS320CDM740.html" title="metaonly module ti.catalog.arm.TMS320CDM740">
</topic>
<topic class="toc-id" label="TMS320DA828" href="ti/catalog/arm/TMS320DA828.html" title="metaonly module ti.catalog.arm.TMS320DA828">
</topic>
<topic class="toc-id" label="TMS320DA830" href="ti/catalog/arm/TMS320DA830.html" title="metaonly module ti.catalog.arm.TMS320DA830">
</topic>
<topic class="toc-id" label="TMS320DA840" href="ti/catalog/arm/TMS320DA840.html" title="metaonly module ti.catalog.arm.TMS320DA840">
</topic>
<topic class="toc-id" label="TMS320DA850" href="ti/catalog/arm/TMS320DA850.html" title="metaonly module ti.catalog.arm.TMS320DA850">
</topic>
<topic class="toc-id" label="TMS320DM355" href="ti/catalog/arm/TMS320DM355.html" title="metaonly module ti.catalog.arm.TMS320DM355">
</topic>
<topic class="toc-id" label="TMS320DM357" href="ti/catalog/arm/TMS320DM357.html" title="metaonly module ti.catalog.arm.TMS320DM357">
</topic>
<topic class="toc-id" label="TMS320DM365" href="ti/catalog/arm/TMS320DM365.html" title="metaonly module ti.catalog.arm.TMS320DM365">
</topic>
<topic class="toc-id" label="TMS470R10" href="ti/catalog/arm/TMS470R10.html" title="metaonly module ti.catalog.arm.TMS470R10">
</topic>
<topic class="toc-id" label="TMS570LS20216" href="ti/catalog/arm/TMS570LS20216.html" title="metaonly module ti.catalog.arm.TMS570LS20216">
</topic>
<topic class="toc-id" label="TMS570PSF762" href="ti/catalog/arm/TMS570PSF762.html" title="metaonly module ti.catalog.arm.TMS570PSF762">
</topic>
<topic class="toc-id" label="TNETV107X" href="ti/catalog/arm/TNETV107X.html" title="metaonly module ti.catalog.arm.TNETV107X">
</topic>
</topic>
<topic class="toc-id" label="ti.catalog.arm.cortexm3" href="ti/catalog/arm/cortexm3/package.html" title="package ti.catalog.arm.cortexm3">
<topic class="toc-id" label="CC13xx" href="ti/catalog/arm/cortexm3/CC13xx.html" title="metaonly module ti.catalog.arm.cortexm3.CC13xx">
</topic>
<topic class="toc-id" label="CC26xx" href="ti/catalog/arm/cortexm3/CC26xx.html" title="metaonly module ti.catalog.arm.cortexm3.CC26xx">
</topic>
<topic class="toc-id" label="CortexM3" href="ti/catalog/arm/cortexm3/CortexM3.html" title="metaonly module ti.catalog.arm.cortexm3.CortexM3">
</topic>
<topic class="toc-id" label="F28M35x" href="ti/catalog/arm/cortexm3/F28M35x.html" title="metaonly module ti.catalog.arm.cortexm3.F28M35x">
</topic>
<topic class="toc-id" label="ILM3Sx7xx" href="ti/catalog/arm/cortexm3/ILM3Sx7xx.html" title="metaonly interface ti.catalog.arm.cortexm3.ILM3Sx7xx">
</topic>
<topic class="toc-id" label="ILM3Sx9xx" href="ti/catalog/arm/cortexm3/ILM3Sx9xx.html" title="metaonly interface ti.catalog.arm.cortexm3.ILM3Sx9xx">
</topic>
<topic class="toc-id" label="ILM3SxBxx" href="ti/catalog/arm/cortexm3/ILM3SxBxx.html" title="metaonly interface ti.catalog.arm.cortexm3.ILM3SxBxx">
</topic>
<topic class="toc-id" label="ITI811X" href="ti/catalog/arm/cortexm3/ITI811X.html" title="metaonly interface ti.catalog.arm.cortexm3.ITI811X">
</topic>
<topic class="toc-id" label="ITI813X" href="ti/catalog/arm/cortexm3/ITI813X.html" title="metaonly interface ti.catalog.arm.cortexm3.ITI813X">
</topic>
<topic class="toc-id" label="ITI8148" href="ti/catalog/arm/cortexm3/ITI8148.html" title="metaonly interface ti.catalog.arm.cortexm3.ITI8148">
</topic>
<topic class="toc-id" label="ITI8168" href="ti/catalog/arm/cortexm3/ITI8168.html" title="metaonly interface ti.catalog.arm.cortexm3.ITI8168">
</topic>
<topic class="toc-id" label="LM3S2793" href="ti/catalog/arm/cortexm3/LM3S2793.html" title="metaonly module ti.catalog.arm.cortexm3.LM3S2793">
</topic>
<topic class="toc-id" label="LM3S2B93" href="ti/catalog/arm/cortexm3/LM3S2B93.html" title="metaonly module ti.catalog.arm.cortexm3.LM3S2B93">
</topic>
<topic class="toc-id" label="LM3S5791" href="ti/catalog/arm/cortexm3/LM3S5791.html" title="metaonly module ti.catalog.arm.cortexm3.LM3S5791">
</topic>
<topic class="toc-id" label="LM3S5B91" href="ti/catalog/arm/cortexm3/LM3S5B91.html" title="metaonly module ti.catalog.arm.cortexm3.LM3S5B91">
</topic>
<topic class="toc-id" label="LM3S8962" href="ti/catalog/arm/cortexm3/LM3S8962.html" title="metaonly module ti.catalog.arm.cortexm3.LM3S8962">
</topic>
<topic class="toc-id" label="LM3S9790" href="ti/catalog/arm/cortexm3/LM3S9790.html" title="metaonly module ti.catalog.arm.cortexm3.LM3S9790">
</topic>
<topic class="toc-id" label="LM3S9792" href="ti/catalog/arm/cortexm3/LM3S9792.html" title="metaonly module ti.catalog.arm.cortexm3.LM3S9792">
</topic>
<topic class="toc-id" label="LM3S9B90" href="ti/catalog/arm/cortexm3/LM3S9B90.html" title="metaonly module ti.catalog.arm.cortexm3.LM3S9B90">
</topic>
<topic class="toc-id" label="LM3S9B92" href="ti/catalog/arm/cortexm3/LM3S9B92.html" title="metaonly module ti.catalog.arm.cortexm3.LM3S9B92">
</topic>
<topic class="toc-id" label="LM3S9B95" href="ti/catalog/arm/cortexm3/LM3S9B95.html" title="metaonly module ti.catalog.arm.cortexm3.LM3S9B95">
</topic>
<topic class="toc-id" label="LM3S9B96" href="ti/catalog/arm/cortexm3/LM3S9B96.html" title="metaonly module ti.catalog.arm.cortexm3.LM3S9B96">
</topic>
<topic class="toc-id" label="OMAP4430" href="ti/catalog/arm/cortexm3/OMAP4430.html" title="metaonly module ti.catalog.arm.cortexm3.OMAP4430">
</topic>
<topic class="toc-id" label="Stellaris" href="ti/catalog/arm/cortexm3/Stellaris.html" title="metaonly module ti.catalog.arm.cortexm3.Stellaris">
</topic>
<topic class="toc-id" label="Tiva" href="ti/catalog/arm/cortexm3/Tiva.html" title="metaonly module ti.catalog.arm.cortexm3.Tiva">
</topic>
<topic class="toc-id" label="TMS320C6A8149" href="ti/catalog/arm/cortexm3/TMS320C6A8149.html" title="metaonly module ti.catalog.arm.cortexm3.TMS320C6A8149">
</topic>
<topic class="toc-id" label="TMS320C6A8168" href="ti/catalog/arm/cortexm3/TMS320C6A8168.html" title="metaonly module ti.catalog.arm.cortexm3.TMS320C6A8168">
</topic>
<topic class="toc-id" label="TMS320DM8148" href="ti/catalog/arm/cortexm3/TMS320DM8148.html" title="metaonly module ti.catalog.arm.cortexm3.TMS320DM8148">
</topic>
<topic class="toc-id" label="TMS320DM8168" href="ti/catalog/arm/cortexm3/TMS320DM8168.html" title="metaonly module ti.catalog.arm.cortexm3.TMS320DM8168">
</topic>
<topic class="toc-id" label="TMS320TI811X" href="ti/catalog/arm/cortexm3/TMS320TI811X.html" title="metaonly module ti.catalog.arm.cortexm3.TMS320TI811X">
</topic>
<topic class="toc-id" label="TMS320TI813X" href="ti/catalog/arm/cortexm3/TMS320TI813X.html" title="metaonly module ti.catalog.arm.cortexm3.TMS320TI813X">
</topic>
<topic class="toc-id" label="TMS320TI814X" href="ti/catalog/arm/cortexm3/TMS320TI814X.html" title="metaonly module ti.catalog.arm.cortexm3.TMS320TI814X">
</topic>
<topic class="toc-id" label="TMS320TI816X" href="ti/catalog/arm/cortexm3/TMS320TI816X.html" title="metaonly module ti.catalog.arm.cortexm3.TMS320TI816X">
</topic>
</topic>
<topic class="toc-id" label="ti.catalog.arm.cortexm3.lm3init" href="ti/catalog/arm/cortexm3/lm3init/package.html" title="package ti.catalog.arm.cortexm3.lm3init">
<topic class="toc-id" label="Boot" href="ti/catalog/arm/cortexm3/lm3init/Boot.html" title="module ti.catalog.arm.cortexm3.lm3init.Boot">
</topic>
</topic>
<topic class="toc-id" label="ti.catalog.arm.cortexm4" href="ti/catalog/arm/cortexm4/package.html" title="package ti.catalog.arm.cortexm4">
<topic class="toc-id" label="CC32xx" href="ti/catalog/arm/cortexm4/CC32xx.html" title="metaonly module ti.catalog.arm.cortexm4.CC32xx">
</topic>
<topic class="toc-id" label="DRA7XX" href="ti/catalog/arm/cortexm4/DRA7XX.html" title="metaonly module ti.catalog.arm.cortexm4.DRA7XX">
</topic>
<topic class="toc-id" label="OMAP5430" href="ti/catalog/arm/cortexm4/OMAP5430.html" title="metaonly module ti.catalog.arm.cortexm4.OMAP5430">
</topic>
<topic class="toc-id" label="Stellaris" href="ti/catalog/arm/cortexm4/Stellaris.html" title="metaonly module ti.catalog.arm.cortexm4.Stellaris">
</topic>
<topic class="toc-id" label="TDA3XX" href="ti/catalog/arm/cortexm4/TDA3XX.html" title="metaonly module ti.catalog.arm.cortexm4.TDA3XX">
</topic>
<topic class="toc-id" label="Tiva" href="ti/catalog/arm/cortexm4/Tiva.html" title="metaonly module ti.catalog.arm.cortexm4.Tiva">
</topic>
<topic class="toc-id" label="Vayu" href="ti/catalog/arm/cortexm4/Vayu.html" title="metaonly module ti.catalog.arm.cortexm4.Vayu">
</topic>
</topic>
<topic class="toc-id" label="ti.catalog.arm.cortexm4.tiva.ce" href="ti/catalog/arm/cortexm4/tiva/ce/package.html" title="package ti.catalog.arm.cortexm4.tiva.ce">
<topic class="toc-id" label="Boot" href="ti/catalog/arm/cortexm4/tiva/ce/Boot.html" title="module ti.catalog.arm.cortexm4.tiva.ce.Boot">
</topic>
</topic>
<topic class="toc-id" label="ti.catalog.arm.cortexm4.tiva.l" href="ti/catalog/arm/cortexm4/tiva/l/package.html" title="package ti.catalog.arm.cortexm4.tiva.l">
<topic class="toc-id" label="Boot" href="ti/catalog/arm/cortexm4/tiva/l/Boot.html" title="module ti.catalog.arm.cortexm4.tiva.l.Boot">
</topic>
</topic>
<topic class="toc-id" label="ti.catalog.arm.peripherals.timers" href="ti/catalog/arm/peripherals/timers/package.html" title="package ti.catalog.arm.peripherals.timers">
<topic class="toc-id" label="Timer" href="ti/catalog/arm/peripherals/timers/Timer.html" title="metaonly module ti.catalog.arm.peripherals.timers.Timer">
</topic>
</topic>
<topic class="toc-id" label="ti.catalog.peripherals.hdvicp2" href="ti/catalog/peripherals/hdvicp2/package.html" title="package ti.catalog.peripherals.hdvicp2">
<topic class="toc-id" label="HDVICP2" href="ti/catalog/peripherals/hdvicp2/HDVICP2.html" title="metaonly module ti.catalog.peripherals.hdvicp2.HDVICP2">
</topic>
</topic>
<topic class="toc-id" label="ti.drivers" href="ti/drivers/package.html" title="package ti.drivers">
<topic class="toc-id" label="EMAC" href="ti/drivers/EMAC.html" title="module ti.drivers.EMAC">
</topic>
<topic class="toc-id" label="GPIO" href="ti/drivers/GPIO.html" title="module ti.drivers.GPIO">
</topic>
<topic class="toc-id" label="I2C" href="ti/drivers/I2C.html" title="module ti.drivers.I2C">
</topic>
<topic class="toc-id" label="SDSPI" href="ti/drivers/SDSPI.html" title="module ti.drivers.SDSPI">
</topic>
<topic class="toc-id" label="SPI" href="ti/drivers/SPI.html" title="module ti.drivers.SPI">
</topic>
<topic class="toc-id" label="UART" href="ti/drivers/UART.html" title="module ti.drivers.UART">
</topic>
<topic class="toc-id" label="USBMSCHFatFs" href="ti/drivers/USBMSCHFatFs.html" title="module ti.drivers.USBMSCHFatFs">
</topic>
<topic class="toc-id" label="Watchdog" href="ti/drivers/Watchdog.html" title="module ti.drivers.Watchdog">
</topic>
<topic class="toc-id" label="WiFi" href="ti/drivers/WiFi.html" title="module ti.drivers.WiFi">
</topic>
</topic>
<topic class="toc-id" label="ti.platforms.arm" href="ti/platforms/arm/package.html" title="package ti.platforms.arm">
<topic class="toc-id" label="Platform" href="ti/platforms/arm/Platform.html" title="metaonly module ti.platforms.arm.Platform">
</topic>
</topic>
<topic class="toc-id" label="ti.platforms.generic" href="ti/platforms/generic/package.html" title="package ti.platforms.generic">
<topic class="toc-id" label="Platform" href="ti/platforms/generic/Platform.html" title="metaonly module ti.platforms.generic.Platform">
</topic>
</topic>
<topic class="toc-id" label="ti.platforms.simCM3" href="ti/platforms/simCM3/package.html" title="package ti.platforms.simCM3">
<topic class="toc-id" label="Platform" href="ti/platforms/simCM3/Platform.html" title="metaonly module ti.platforms.simCM3.Platform">
</topic>
</topic>
<topic class="toc-id" label="ti.platforms.simplelink" href="ti/platforms/simplelink/package.html" title="package ti.platforms.simplelink">
<topic class="toc-id" label="Platform" href="ti/platforms/simplelink/Platform.html" title="metaonly module ti.platforms.simplelink.Platform">
</topic>
</topic>
<topic class="toc-id" label="ti.platforms.stellaris" href="ti/platforms/stellaris/package.html" title="package ti.platforms.stellaris">
<topic class="toc-id" label="Platform" href="ti/platforms/stellaris/Platform.html" title="metaonly module ti.platforms.stellaris.Platform">
</topic>
</topic>
<topic class="toc-id" label="ti.platforms.tiva" href="ti/platforms/tiva/package.html" title="package ti.platforms.tiva">
<topic class="toc-id" label="Platform" href="ti/platforms/tiva/Platform.html" title="metaonly module ti.platforms.tiva.Platform">
</topic>
</topic>
<topic class="toc-id" label="ti.sk" href="ti/sk/package.html" title="package ti.sk">
</topic>
<topic class="toc-id" label="ti.sysbios" href="ti/sysbios/package.html" title="package ti.sysbios">
<topic class="toc-id" label="BIOS" href="ti/sysbios/BIOS.html" title="module ti.sysbios.BIOS">
</topic>
<topic class="toc-id" label="Build" href="ti/sysbios/Build.html" title="metaonly module ti.sysbios.Build">
</topic>
</topic>
<topic class="toc-id" label="ti.sysbios.benchmarks" href="ti/sysbios/benchmarks/package.html" title="package ti.sysbios.benchmarks">
</topic>
<topic class="toc-id" label="ti.sysbios.family" href="ti/sysbios/family/package.html" title="package ti.sysbios.family">
<topic class="toc-id" label="Settings" href="ti/sysbios/family/Settings.html" title="metaonly module ti.sysbios.family.Settings">
</topic>
</topic>
<topic class="toc-id" label="ti.sysbios.family.arm" href="ti/sysbios/family/arm/package.html" title="package ti.sysbios.family.arm">
<topic class="toc-id" label="Settings" href="ti/sysbios/family/arm/Settings.html" title="metaonly module ti.sysbios.family.arm.Settings">
</topic>
<topic class="toc-id" label="TaskSupport" href="ti/sysbios/family/arm/TaskSupport.html" title="module ti.sysbios.family.arm.TaskSupport">
</topic>
</topic>
<topic class="toc-id" label="ti.sysbios.family.arm.a15" href="ti/sysbios/family/arm/a15/package.html" title="package ti.sysbios.family.arm.a15">
<topic class="toc-id" label="Cache" href="ti/sysbios/family/arm/a15/Cache.html" title="module ti.sysbios.family.arm.a15.Cache">
</topic>
<topic class="toc-id" label="Mmu" href="ti/sysbios/family/arm/a15/Mmu.html" title="module ti.sysbios.family.arm.a15.Mmu">
</topic>
<topic class="toc-id" label="TimestampProvider" href="ti/sysbios/family/arm/a15/TimestampProvider.html" title="module ti.sysbios.family.arm.a15.TimestampProvider">
</topic>
</topic>
<topic class="toc-id" label="ti.sysbios.family.arm.a15.tci66xx" href="ti/sysbios/family/arm/a15/tci66xx/package.html" title="package ti.sysbios.family.arm.a15.tci66xx">
<topic class="toc-id" label="CpIntc" href="ti/sysbios/family/arm/a15/tci66xx/CpIntc.html" title="module ti.sysbios.family.arm.a15.tci66xx.CpIntc">
</topic>
</topic>
<topic class="toc-id" label="ti.sysbios.family.arm.a8" href="ti/sysbios/family/arm/a8/package.html" title="package ti.sysbios.family.arm.a8">
<topic class="toc-id" label="Cache" href="ti/sysbios/family/arm/a8/Cache.html" title="module ti.sysbios.family.arm.a8.Cache">
</topic>
<topic class="toc-id" label="Mmu" href="ti/sysbios/family/arm/a8/Mmu.html" title="module ti.sysbios.family.arm.a8.Mmu">
</topic>
<topic class="toc-id" label="TimestampProvider" href="ti/sysbios/family/arm/a8/TimestampProvider.html" title="module ti.sysbios.family.arm.a8.TimestampProvider">
</topic>
</topic>
<topic class="toc-id" label="ti.sysbios.family.arm.a8.intcps" href="ti/sysbios/family/arm/a8/intcps/package.html" title="package ti.sysbios.family.arm.a8.intcps">
<topic class="toc-id" label="Hwi" href="ti/sysbios/family/arm/a8/intcps/Hwi.html" title="module ti.sysbios.family.arm.a8.intcps.Hwi">
</topic>
</topic>
<topic class="toc-id" label="ti.sysbios.family.arm.a8.omap3430" href="ti/sysbios/family/arm/a8/omap3430/package.html" title="package ti.sysbios.family.arm.a8.omap3430">
</topic>
<topic class="toc-id" label="ti.sysbios.family.arm.a8.sim" href="ti/sysbios/family/arm/a8/sim/package.html" title="package ti.sysbios.family.arm.a8.sim">
<topic class="toc-id" label="TaskSupport" href="ti/sysbios/family/arm/a8/sim/TaskSupport.html" title="module ti.sysbios.family.arm.a8.sim.TaskSupport">
</topic>
</topic>
<topic class="toc-id" label="ti.sysbios.family.arm.a8.ti81xx" href="ti/sysbios/family/arm/a8/ti81xx/package.html" title="package ti.sysbios.family.arm.a8.ti81xx">
</topic>
<topic class="toc-id" label="ti.sysbios.family.arm.a9" href="ti/sysbios/family/arm/a9/package.html" title="package ti.sysbios.family.arm.a9">
<topic class="toc-id" label="Cache" href="ti/sysbios/family/arm/a9/Cache.html" title="module ti.sysbios.family.arm.a9.Cache">
</topic>
<topic class="toc-id" label="Mmu" href="ti/sysbios/family/arm/a9/Mmu.html" title="metaonly module ti.sysbios.family.arm.a9.Mmu">
</topic>
<topic class="toc-id" label="Timer" href="ti/sysbios/family/arm/a9/Timer.html" title="module ti.sysbios.family.arm.a9.Timer">
</topic>
<topic class="toc-id" label="TimestampProvider" href="ti/sysbios/family/arm/a9/TimestampProvider.html" title="metaonly module ti.sysbios.family.arm.a9.TimestampProvider">
</topic>
</topic>
<topic class="toc-id" label="ti.sysbios.family.arm.a9.am437x" href="ti/sysbios/family/arm/a9/am437x/package.html" title="package ti.sysbios.family.arm.a9.am437x">
<topic class="toc-id" label="TimerSupport" href="ti/sysbios/family/arm/a9/am437x/TimerSupport.html" title="module ti.sysbios.family.arm.a9.am437x.TimerSupport">
</topic>
</topic>
<topic class="toc-id" label="ti.sysbios.family.arm.arm9" href="ti/sysbios/family/arm/arm9/package.html" title="package ti.sysbios.family.arm.arm9">
<topic class="toc-id" label="Cache" href="ti/sysbios/family/arm/arm9/Cache.html" title="module ti.sysbios.family.arm.arm9.Cache">
</topic>
<topic class="toc-id" label="Mmu" href="ti/sysbios/family/arm/arm9/Mmu.html" title="module ti.sysbios.family.arm.arm9.Mmu">
</topic>
</topic>
<topic class="toc-id" label="ti.sysbios.family.arm.cc26xx" href="ti/sysbios/family/arm/cc26xx/package.html" title="package ti.sysbios.family.arm.cc26xx">
<topic class="toc-id" label="Alarm" href="ti/sysbios/family/arm/cc26xx/Alarm.html" title="module ti.sysbios.family.arm.cc26xx.Alarm">
</topic>
<topic class="toc-id" label="Boot" href="ti/sysbios/family/arm/cc26xx/Boot.html" title="module ti.sysbios.family.arm.cc26xx.Boot">
</topic>
<topic class="toc-id" label="Power" href="ti/sysbios/family/arm/cc26xx/Power.html" title="module ti.sysbios.family.arm.cc26xx.Power">
</topic>
<topic class="toc-id" label="Seconds" href="ti/sysbios/family/arm/cc26xx/Seconds.html" title="module ti.sysbios.family.arm.cc26xx.Seconds">
</topic>
<topic class="toc-id" label="Timer" href="ti/sysbios/family/arm/cc26xx/Timer.html" title="module ti.sysbios.family.arm.cc26xx.Timer">
</topic>
<topic class="toc-id" label="TimestampProvider" href="ti/sysbios/family/arm/cc26xx/TimestampProvider.html" title="module ti.sysbios.family.arm.cc26xx.TimestampProvider">
</topic>
</topic>
<topic class="toc-id" label="ti.sysbios.family.arm.da830" href="ti/sysbios/family/arm/da830/package.html" title="package ti.sysbios.family.arm.da830">
<topic class="toc-id" label="Hwi" href="ti/sysbios/family/arm/da830/Hwi.html" title="module ti.sysbios.family.arm.da830.Hwi">
</topic>
<topic class="toc-id" label="TimestampProvider" href="ti/sysbios/family/arm/da830/TimestampProvider.html" title="module ti.sysbios.family.arm.da830.TimestampProvider">
</topic>
</topic>
<topic class="toc-id" label="ti.sysbios.family.arm.dm6446" href="ti/sysbios/family/arm/dm6446/package.html" title="package ti.sysbios.family.arm.dm6446">
<topic class="toc-id" label="Hwi" href="ti/sysbios/family/arm/dm6446/Hwi.html" title="module ti.sysbios.family.arm.dm6446.Hwi">
</topic>
</topic>
<topic class="toc-id" label="ti.sysbios.family.arm.ducati" href="ti/sysbios/family/arm/ducati/package.html" title="package ti.sysbios.family.arm.ducati">
<topic class="toc-id" label="Core" href="ti/sysbios/family/arm/ducati/Core.html" title="module ti.sysbios.family.arm.ducati.Core">
</topic>
<topic class="toc-id" label="CTM" href="ti/sysbios/family/arm/ducati/CTM.html" title="module ti.sysbios.family.arm.ducati.CTM">
</topic>
<topic class="toc-id" label="GateDualCore" href="ti/sysbios/family/arm/ducati/GateDualCore.html" title="module ti.sysbios.family.arm.ducati.GateDualCore">
</topic>
<topic class="toc-id" label="GateSmp" href="ti/sysbios/family/arm/ducati/GateSmp.html" title="module ti.sysbios.family.arm.ducati.GateSmp">
</topic>
<topic class="toc-id" label="Timer" href="ti/sysbios/family/arm/ducati/Timer.html" title="module ti.sysbios.family.arm.ducati.Timer">
</topic>
<topic class="toc-id" label="TimestampProvider" href="ti/sysbios/family/arm/ducati/TimestampProvider.html" title="module ti.sysbios.family.arm.ducati.TimestampProvider">
</topic>
<topic class="toc-id" label="Wugen" href="ti/sysbios/family/arm/ducati/Wugen.html" title="module ti.sysbios.family.arm.ducati.Wugen">
</topic>
</topic>
<topic class="toc-id" label="ti.sysbios.family.arm.ducati.dm8148" href="ti/sysbios/family/arm/ducati/dm8148/package.html" title="package ti.sysbios.family.arm.ducati.dm8148">
<topic class="toc-id" label="IntMux" href="ti/sysbios/family/arm/ducati/dm8148/IntMux.html" title="module ti.sysbios.family.arm.ducati.dm8148.IntMux">
</topic>
</topic>
<topic class="toc-id" label="ti.sysbios.family.arm.ducati.omap4430" href="ti/sysbios/family/arm/ducati/omap4430/package.html" title="package ti.sysbios.family.arm.ducati.omap4430">
<topic class="toc-id" label="Power" href="ti/sysbios/family/arm/ducati/omap4430/Power.html" title="module ti.sysbios.family.arm.ducati.omap4430.Power">
</topic>
</topic>
<topic class="toc-id" label="ti.sysbios.family.arm.ducati.smp" href="ti/sysbios/family/arm/ducati/smp/package.html" title="package ti.sysbios.family.arm.ducati.smp">
<topic class="toc-id" label="Power" href="ti/sysbios/family/arm/ducati/smp/Power.html" title="module ti.sysbios.family.arm.ducati.smp.Power">
</topic>
</topic>
<topic class="toc-id" label="ti.sysbios.family.arm.exc" href="ti/sysbios/family/arm/exc/package.html" title="package ti.sysbios.family.arm.exc">
<topic class="toc-id" label="Exception" href="ti/sysbios/family/arm/exc/Exception.html" title="module ti.sysbios.family.arm.exc.Exception">
</topic>
</topic>
<topic class="toc-id" label="ti.sysbios.family.arm.f28m35x" href="ti/sysbios/family/arm/f28m35x/package.html" title="package ti.sysbios.family.arm.f28m35x">
<topic class="toc-id" label="TimestampProvider" href="ti/sysbios/family/arm/f28m35x/TimestampProvider.html" title="module ti.sysbios.family.arm.f28m35x.TimestampProvider">
</topic>
</topic>
<topic class="toc-id" label="ti.sysbios.family.arm.gic" href="ti/sysbios/family/arm/gic/package.html" title="package ti.sysbios.family.arm.gic">
<topic class="toc-id" label="Hwi" href="ti/sysbios/family/arm/gic/Hwi.html" title="module ti.sysbios.family.arm.gic.Hwi">
</topic>
</topic>
<topic class="toc-id" label="ti.sysbios.family.arm.lm3" href="ti/sysbios/family/arm/lm3/package.html" title="package ti.sysbios.family.arm.lm3">
<topic class="toc-id" label="Timer" href="ti/sysbios/family/arm/lm3/Timer.html" title="module ti.sysbios.family.arm.lm3.Timer">
</topic>
<topic class="toc-id" label="TimestampProvider" href="ti/sysbios/family/arm/lm3/TimestampProvider.html" title="module ti.sysbios.family.arm.lm3.TimestampProvider">
</topic>
</topic>
<topic class="toc-id" label="ti.sysbios.family.arm.lm4" href="ti/sysbios/family/arm/lm4/package.html" title="package ti.sysbios.family.arm.lm4">
<topic class="toc-id" label="Timer" href="ti/sysbios/family/arm/lm4/Timer.html" title="module ti.sysbios.family.arm.lm4.Timer">
</topic>
<topic class="toc-id" label="TimestampProvider" href="ti/sysbios/family/arm/lm4/TimestampProvider.html" title="module ti.sysbios.family.arm.lm4.TimestampProvider">
</topic>
</topic>
<topic class="toc-id" label="ti.sysbios.family.arm.m0" href="ti/sysbios/family/arm/m0/package.html" title="package ti.sysbios.family.arm.m0">
<topic class="toc-id" label="Hwi" href="ti/sysbios/family/arm/m0/Hwi.html" title="module ti.sysbios.family.arm.m0.Hwi">
</topic>
<topic class="toc-id" label="TaskSupport" href="ti/sysbios/family/arm/m0/TaskSupport.html" title="module ti.sysbios.family.arm.m0.TaskSupport">
</topic>
<topic class="toc-id" label="Timer" href="ti/sysbios/family/arm/m0/Timer.html" title="module ti.sysbios.family.arm.m0.Timer">
</topic>
<topic class="toc-id" label="TimestampProvider" href="ti/sysbios/family/arm/m0/TimestampProvider.html" title="module ti.sysbios.family.arm.m0.TimestampProvider">
</topic>
</topic>
<topic class="toc-id" label="ti.sysbios.family.arm.m3" href="ti/sysbios/family/arm/m3/package.html" title="package ti.sysbios.family.arm.m3">
<topic class="toc-id" label="Exception" href="ti/sysbios/family/arm/m3/Exception.html" title="metaonly module ti.sysbios.family.arm.m3.Exception">
</topic>
<topic class="toc-id" label="Hwi" href="ti/sysbios/family/arm/m3/Hwi.html" title="module ti.sysbios.family.arm.m3.Hwi">
</topic>
<topic class="toc-id" label="Power" href="ti/sysbios/family/arm/m3/Power.html" title="module ti.sysbios.family.arm.m3.Power">
</topic>
<topic class="toc-id" label="TaskSupport" href="ti/sysbios/family/arm/m3/TaskSupport.html" title="module ti.sysbios.family.arm.m3.TaskSupport">
</topic>
<topic class="toc-id" label="Timer" href="ti/sysbios/family/arm/m3/Timer.html" title="module ti.sysbios.family.arm.m3.Timer">
</topic>
<topic class="toc-id" label="TimestampProvider" href="ti/sysbios/family/arm/m3/TimestampProvider.html" title="module ti.sysbios.family.arm.m3.TimestampProvider">
</topic>
</topic>
<topic class="toc-id" label="ti.sysbios.family.arm.systimer" href="ti/sysbios/family/arm/systimer/package.html" title="package ti.sysbios.family.arm.systimer">
<topic class="toc-id" label="Timer" href="ti/sysbios/family/arm/systimer/Timer.html" title="module ti.sysbios.family.arm.systimer.Timer">
</topic>
</topic>
<topic class="toc-id" label="ti.sysbios.family.arm.v7a" href="ti/sysbios/family/arm/v7a/package.html" title="package ti.sysbios.family.arm.v7a">
<topic class="toc-id" label="Pmu" href="ti/sysbios/family/arm/v7a/Pmu.html" title="module ti.sysbios.family.arm.v7a.Pmu">
</topic>
</topic>
<topic class="toc-id" label="ti.sysbios.family.arp32" href="ti/sysbios/family/arp32/package.html" title="package ti.sysbios.family.arp32">
<topic class="toc-id" label="Cache" href="ti/sysbios/family/arp32/Cache.html" title="module ti.sysbios.family.arp32.Cache">
</topic>
<topic class="toc-id" label="CTM" href="ti/sysbios/family/arp32/CTM.html" title="module ti.sysbios.family.arp32.CTM">
</topic>
<topic class="toc-id" label="Hwi" href="ti/sysbios/family/arp32/Hwi.html" title="module ti.sysbios.family.arp32.Hwi">
</topic>
<topic class="toc-id" label="Settings" href="ti/sysbios/family/arp32/Settings.html" title="metaonly module ti.sysbios.family.arp32.Settings">
</topic>
<topic class="toc-id" label="TaskSupport" href="ti/sysbios/family/arp32/TaskSupport.html" title="module ti.sysbios.family.arp32.TaskSupport">
</topic>
<topic class="toc-id" label="Timer" href="ti/sysbios/family/arp32/Timer.html" title="module ti.sysbios.family.arp32.Timer">
</topic>
<topic class="toc-id" label="TimestampProvider" href="ti/sysbios/family/arp32/TimestampProvider.html" title="module ti.sysbios.family.arp32.TimestampProvider">
</topic>
</topic>
<topic class="toc-id" label="ti.sysbios.family.c28" href="ti/sysbios/family/c28/package.html" title="package ti.sysbios.family.c28">
<topic class="toc-id" label="Hwi" href="ti/sysbios/family/c28/Hwi.html" title="module ti.sysbios.family.c28.Hwi">
</topic>
<topic class="toc-id" label="Settings" href="ti/sysbios/family/c28/Settings.html" title="metaonly module ti.sysbios.family.c28.Settings">
</topic>
<topic class="toc-id" label="TaskSupport" href="ti/sysbios/family/c28/TaskSupport.html" title="module ti.sysbios.family.c28.TaskSupport">
</topic>
<topic class="toc-id" label="Timer" href="ti/sysbios/family/c28/Timer.html" title="module ti.sysbios.family.c28.Timer">
</topic>
<topic class="toc-id" label="TimestampProvider" href="ti/sysbios/family/c28/TimestampProvider.html" title="module ti.sysbios.family.c28.TimestampProvider">
</topic>
</topic>
<topic class="toc-id" label="ti.sysbios.family.c28.f2837x" href="ti/sysbios/family/c28/f2837x/package.html" title="package ti.sysbios.family.c28.f2837x">
<topic class="toc-id" label="TimestampProvider" href="ti/sysbios/family/c28/f2837x/TimestampProvider.html" title="module ti.sysbios.family.c28.f2837x.TimestampProvider">
</topic>
</topic>
<topic class="toc-id" label="ti.sysbios.family.c28.f28m35x" href="ti/sysbios/family/c28/f28m35x/package.html" title="package ti.sysbios.family.c28.f28m35x">
<topic class="toc-id" label="TimestampProvider" href="ti/sysbios/family/c28/f28m35x/TimestampProvider.html" title="module ti.sysbios.family.c28.f28m35x.TimestampProvider">
</topic>
</topic>
<topic class="toc-id" label="ti.sysbios.family.c62" href="ti/sysbios/family/c62/package.html" title="package ti.sysbios.family.c62">
<topic class="toc-id" label="TaskSupport" href="ti/sysbios/family/c62/TaskSupport.html" title="module ti.sysbios.family.c62.TaskSupport">
</topic>
</topic>
<topic class="toc-id" label="ti.sysbios.family.c64p" href="ti/sysbios/family/c64p/package.html" title="package ti.sysbios.family.c64p">
<topic class="toc-id" label="Cache" href="ti/sysbios/family/c64p/Cache.html" title="module ti.sysbios.family.c64p.Cache">
</topic>
<topic class="toc-id" label="EventCombiner" href="ti/sysbios/family/c64p/EventCombiner.html" title="module ti.sysbios.family.c64p.EventCombiner">
</topic>
<topic class="toc-id" label="Exception" href="ti/sysbios/family/c64p/Exception.html" title="module ti.sysbios.family.c64p.Exception">
</topic>
<topic class="toc-id" label="Hwi" href="ti/sysbios/family/c64p/Hwi.html" title="module ti.sysbios.family.c64p.Hwi">
</topic>
<topic class="toc-id" label="MemoryProtect" href="ti/sysbios/family/c64p/MemoryProtect.html" title="module ti.sysbios.family.c64p.MemoryProtect">
</topic>
<topic class="toc-id" label="Settings" href="ti/sysbios/family/c64p/Settings.html" title="metaonly module ti.sysbios.family.c64p.Settings">
</topic>
<topic class="toc-id" label="TimestampProvider" href="ti/sysbios/family/c64p/TimestampProvider.html" title="module ti.sysbios.family.c64p.TimestampProvider">
</topic>
</topic>
<topic class="toc-id" label="ti.sysbios.family.c64p.dm6437" href="ti/sysbios/family/c64p/dm6437/package.html" title="package ti.sysbios.family.c64p.dm6437">
</topic>
<topic class="toc-id" label="ti.sysbios.family.c64p.dm6446" href="ti/sysbios/family/c64p/dm6446/package.html" title="package ti.sysbios.family.c64p.dm6446">
</topic>
<topic class="toc-id" label="ti.sysbios.family.c64p.omap3430" href="ti/sysbios/family/c64p/omap3430/package.html" title="package ti.sysbios.family.c64p.omap3430">
<topic class="toc-id" label="Wugen" href="ti/sysbios/family/c64p/omap3430/Wugen.html" title="module ti.sysbios.family.c64p.omap3430.Wugen">
</topic>
</topic>
<topic class="toc-id" label="ti.sysbios.family.c64p.primus" href="ti/sysbios/family/c64p/primus/package.html" title="package ti.sysbios.family.c64p.primus">
</topic>
<topic class="toc-id" label="ti.sysbios.family.c64p.tci6482" href="ti/sysbios/family/c64p/tci6482/package.html" title="package ti.sysbios.family.c64p.tci6482">
</topic>
<topic class="toc-id" label="ti.sysbios.family.c64p.tci6488" href="ti/sysbios/family/c64p/tci6488/package.html" title="package ti.sysbios.family.c64p.tci6488">
</topic>
<topic class="toc-id" label="ti.sysbios.family.c64p.tesla" href="ti/sysbios/family/c64p/tesla/package.html" title="package ti.sysbios.family.c64p.tesla">
<topic class="toc-id" label="Power" href="ti/sysbios/family/c64p/tesla/Power.html" title="module ti.sysbios.family.c64p.tesla.Power">
</topic>
<topic class="toc-id" label="Wugen" href="ti/sysbios/family/c64p/tesla/Wugen.html" title="module ti.sysbios.family.c64p.tesla.Wugen">
</topic>
</topic>
<topic class="toc-id" label="ti.sysbios.family.c64p.ti81xx" href="ti/sysbios/family/c64p/ti81xx/package.html" title="package ti.sysbios.family.c64p.ti81xx">
</topic>
<topic class="toc-id" label="ti.sysbios.family.c66" href="ti/sysbios/family/c66/package.html" title="package ti.sysbios.family.c66">
<topic class="toc-id" label="Cache" href="ti/sysbios/family/c66/Cache.html" title="module ti.sysbios.family.c66.Cache">
</topic>
</topic>
<topic class="toc-id" label="ti.sysbios.family.c66.tci66xx" href="ti/sysbios/family/c66/tci66xx/package.html" title="package ti.sysbios.family.c66.tci66xx">
<topic class="toc-id" label="CpIntc" href="ti/sysbios/family/c66/tci66xx/CpIntc.html" title="module ti.sysbios.family.c66.tci66xx.CpIntc">
</topic>
</topic>
<topic class="toc-id" label="ti.sysbios.family.c674" href="ti/sysbios/family/c674/package.html" title="package ti.sysbios.family.c674">
<topic class="toc-id" label="Power" href="ti/sysbios/family/c674/Power.html" title="module ti.sysbios.family.c674.Power">
</topic>
</topic>
<topic class="toc-id" label="ti.sysbios.family.c674.pmi" href="ti/sysbios/family/c674/pmi/package.html" title="package ti.sysbios.family.c674.pmi">
</topic>
<topic class="toc-id" label="ti.sysbios.family.c674.pscl" href="ti/sysbios/family/c674/pscl/package.html" title="package ti.sysbios.family.c674.pscl">
</topic>
<topic class="toc-id" label="ti.sysbios.family.msp430" href="ti/sysbios/family/msp430/package.html" title="package ti.sysbios.family.msp430">
<topic class="toc-id" label="ClockFreqs" href="ti/sysbios/family/msp430/ClockFreqs.html" title="module ti.sysbios.family.msp430.ClockFreqs">
</topic>
<topic class="toc-id" label="Hwi" href="ti/sysbios/family/msp430/Hwi.html" title="module ti.sysbios.family.msp430.Hwi">
</topic>
<topic class="toc-id" label="Power" href="ti/sysbios/family/msp430/Power.html" title="module ti.sysbios.family.msp430.Power">
</topic>
<topic class="toc-id" label="Settings" href="ti/sysbios/family/msp430/Settings.html" title="metaonly module ti.sysbios.family.msp430.Settings">
</topic>
<topic class="toc-id" label="TaskSupport" href="ti/sysbios/family/msp430/TaskSupport.html" title="module ti.sysbios.family.msp430.TaskSupport">
</topic>
<topic class="toc-id" label="Timer" href="ti/sysbios/family/msp430/Timer.html" title="module ti.sysbios.family.msp430.Timer">
</topic>
<topic class="toc-id" label="TimestampProvider" href="ti/sysbios/family/msp430/TimestampProvider.html" title="module ti.sysbios.family.msp430.TimestampProvider">
</topic>
</topic>
<topic class="toc-id" label="ti.sysbios.family.shared.vayu" href="ti/sysbios/family/shared/vayu/package.html" title="package ti.sysbios.family.shared.vayu">
<topic class="toc-id" label="IntXbar" href="ti/sysbios/family/shared/vayu/IntXbar.html" title="module ti.sysbios.family.shared.vayu.IntXbar">
</topic>
<topic class="toc-id" label="Mmu" href="ti/sysbios/family/shared/vayu/Mmu.html" title="module ti.sysbios.family.shared.vayu.Mmu">
</topic>
<topic class="toc-id" label="TimerSupport" href="ti/sysbios/family/shared/vayu/TimerSupport.html" title="module ti.sysbios.family.shared.vayu.TimerSupport">
</topic>
</topic>
<topic class="toc-id" label="ti.sysbios.fatfs" href="ti/sysbios/fatfs/package.html" title="package ti.sysbios.fatfs">
<topic class="toc-id" label="FatFS" href="ti/sysbios/fatfs/FatFS.html" title="metaonly module ti.sysbios.fatfs.FatFS">
</topic>
</topic>
<topic class="toc-id" label="ti.sysbios.gates" href="ti/sysbios/gates/package.html" title="package ti.sysbios.gates">
<topic class="toc-id" label="GateAll" href="ti/sysbios/gates/GateAll.html" title="module ti.sysbios.gates.GateAll">
</topic>
<topic class="toc-id" label="GateHwi" href="ti/sysbios/gates/GateHwi.html" title="module ti.sysbios.gates.GateHwi">
</topic>
<topic class="toc-id" label="GateMutex" href="ti/sysbios/gates/GateMutex.html" title="module ti.sysbios.gates.GateMutex">
</topic>
<topic class="toc-id" label="GateMutexPri" href="ti/sysbios/gates/GateMutexPri.html" title="module ti.sysbios.gates.GateMutexPri">
</topic>
<topic class="toc-id" label="GateSwi" href="ti/sysbios/gates/GateSwi.html" title="module ti.sysbios.gates.GateSwi">
</topic>
<topic class="toc-id" label="GateTask" href="ti/sysbios/gates/GateTask.html" title="module ti.sysbios.gates.GateTask">
</topic>
</topic>
<topic class="toc-id" label="ti.sysbios.hal" href="ti/sysbios/hal/package.html" title="package ti.sysbios.hal">
<topic class="toc-id" label="Cache" href="ti/sysbios/hal/Cache.html" title="module ti.sysbios.hal.Cache">
</topic>
<topic class="toc-id" label="CacheNull" href="ti/sysbios/hal/CacheNull.html" title="module ti.sysbios.hal.CacheNull">
</topic>
<topic class="toc-id" label="Core" href="ti/sysbios/hal/Core.html" title="module ti.sysbios.hal.Core">
</topic>
<topic class="toc-id" label="CoreNull" href="ti/sysbios/hal/CoreNull.html" title="module ti.sysbios.hal.CoreNull">
</topic>
<topic class="toc-id" label="Hwi" href="ti/sysbios/hal/Hwi.html" title="module ti.sysbios.hal.Hwi">
</topic>
<topic class="toc-id" label="Power" href="ti/sysbios/hal/Power.html" title="module ti.sysbios.hal.Power">
</topic>
<topic class="toc-id" label="PowerNull" href="ti/sysbios/hal/PowerNull.html" title="module ti.sysbios.hal.PowerNull">
</topic>
<topic class="toc-id" label="Seconds" href="ti/sysbios/hal/Seconds.html" title="module ti.sysbios.hal.Seconds">
</topic>
<topic class="toc-id" label="SecondsCallback" href="ti/sysbios/hal/SecondsCallback.html" title="module ti.sysbios.hal.SecondsCallback">
</topic>
<topic class="toc-id" label="SecondsClock" href="ti/sysbios/hal/SecondsClock.html" title="module ti.sysbios.hal.SecondsClock">
</topic>
<topic class="toc-id" label="Timer" href="ti/sysbios/hal/Timer.html" title="module ti.sysbios.hal.Timer">
</topic>
<topic class="toc-id" label="TimerNull" href="ti/sysbios/hal/TimerNull.html" title="module ti.sysbios.hal.TimerNull">
</topic>
</topic>
<topic class="toc-id" label="ti.sysbios.hal.ammu" href="ti/sysbios/hal/ammu/package.html" title="package ti.sysbios.hal.ammu">
<topic class="toc-id" label="AMMU" href="ti/sysbios/hal/ammu/AMMU.html" title="module ti.sysbios.hal.ammu.AMMU">
</topic>
</topic>
<topic class="toc-id" label="ti.sysbios.hal.unicache" href="ti/sysbios/hal/unicache/package.html" title="package ti.sysbios.hal.unicache">
<topic class="toc-id" label="Cache" href="ti/sysbios/hal/unicache/Cache.html" title="module ti.sysbios.hal.unicache.Cache">
</topic>
</topic>
<topic class="toc-id" label="ti.sysbios.heaps" href="ti/sysbios/heaps/package.html" title="package ti.sysbios.heaps">
<topic class="toc-id" label="HeapBuf" href="ti/sysbios/heaps/HeapBuf.html" title="module ti.sysbios.heaps.HeapBuf">
</topic>
<topic class="toc-id" label="HeapCallback" href="ti/sysbios/heaps/HeapCallback.html" title="module ti.sysbios.heaps.HeapCallback">
</topic>
<topic class="toc-id" label="HeapMem" href="ti/sysbios/heaps/HeapMem.html" title="module ti.sysbios.heaps.HeapMem">
</topic>
<topic class="toc-id" label="HeapMultiBuf" href="ti/sysbios/heaps/HeapMultiBuf.html" title="module ti.sysbios.heaps.HeapMultiBuf">
</topic>
<topic class="toc-id" label="HeapNull" href="ti/sysbios/heaps/HeapNull.html" title="module ti.sysbios.heaps.HeapNull">
</topic>
<topic class="toc-id" label="HeapTrack" href="ti/sysbios/heaps/HeapTrack.html" title="module ti.sysbios.heaps.HeapTrack">
</topic>
</topic>
<topic class="toc-id" label="ti.sysbios.interfaces" href="ti/sysbios/interfaces/package.html" title="package ti.sysbios.interfaces">
<topic class="toc-id" label="ICache" href="ti/sysbios/interfaces/ICache.html" title="interface ti.sysbios.interfaces.ICache">
</topic>
<topic class="toc-id" label="IHwi" href="ti/sysbios/interfaces/IHwi.html" title="interface ti.sysbios.interfaces.IHwi">
</topic>
<topic class="toc-id" label="IPower" href="ti/sysbios/interfaces/IPower.html" title="interface ti.sysbios.interfaces.IPower">
</topic>
<topic class="toc-id" label="IRomDevice" href="ti/sysbios/interfaces/IRomDevice.html" title="interface ti.sysbios.interfaces.IRomDevice">
</topic>
<topic class="toc-id" label="ISeconds" href="ti/sysbios/interfaces/ISeconds.html" title="interface ti.sysbios.interfaces.ISeconds">
</topic>
<topic class="toc-id" label="ISettings" href="ti/sysbios/interfaces/ISettings.html" title="metaonly interface ti.sysbios.interfaces.ISettings">
</topic>
<topic class="toc-id" label="ITimer" href="ti/sysbios/interfaces/ITimer.html" title="interface ti.sysbios.interfaces.ITimer">
</topic>
<topic class="toc-id" label="ITimerSupport" href="ti/sysbios/interfaces/ITimerSupport.html" title="interface ti.sysbios.interfaces.ITimerSupport">
</topic>
<topic class="toc-id" label="ITimestamp" href="ti/sysbios/interfaces/ITimestamp.html" title="interface ti.sysbios.interfaces.ITimestamp">
</topic>
</topic>
<topic class="toc-id" label="ti.sysbios.io" href="ti/sysbios/io/package.html" title="package ti.sysbios.io">
<topic class="toc-id" label="DEV" href="ti/sysbios/io/DEV.html" title="module ti.sysbios.io.DEV">
</topic>
<topic class="toc-id" label="GIO" href="ti/sysbios/io/GIO.html" title="module ti.sysbios.io.GIO">
</topic>
</topic>
<topic class="toc-id" label="ti.sysbios.knl" href="ti/sysbios/knl/package.html" title="package ti.sysbios.knl">
<topic class="toc-id" label="Clock" href="ti/sysbios/knl/Clock.html" title="module ti.sysbios.knl.Clock">
</topic>
<topic class="toc-id" label="Event" href="ti/sysbios/knl/Event.html" title="module ti.sysbios.knl.Event">
</topic>
<topic class="toc-id" label="Idle" href="ti/sysbios/knl/Idle.html" title="module ti.sysbios.knl.Idle">
</topic>
<topic class="toc-id" label="Mailbox" href="ti/sysbios/knl/Mailbox.html" title="module ti.sysbios.knl.Mailbox">
</topic>
<topic class="toc-id" label="Queue" href="ti/sysbios/knl/Queue.html" title="module ti.sysbios.knl.Queue">
</topic>
<topic class="toc-id" label="Semaphore" href="ti/sysbios/knl/Semaphore.html" title="module ti.sysbios.knl.Semaphore">
</topic>
<topic class="toc-id" label="Swi" href="ti/sysbios/knl/Swi.html" title="module ti.sysbios.knl.Swi">
</topic>
<topic class="toc-id" label="Task" href="ti/sysbios/knl/Task.html" title="module ti.sysbios.knl.Task">
</topic>
</topic>
<topic class="toc-id" label="ti.sysbios.rom" href="ti/sysbios/rom/package.html" title="package ti.sysbios.rom">
<topic class="toc-id" label="ROM" href="ti/sysbios/rom/ROM.html" title="metaonly module ti.sysbios.rom.ROM">
</topic>
</topic>
<topic class="toc-id" label="ti.sysbios.rta" href="ti/sysbios/rta/package.html" title="package ti.sysbios.rta">
<topic class="toc-id" label="Agent" href="ti/sysbios/rta/Agent.html" title="metaonly module ti.sysbios.rta.Agent">
</topic>
</topic>
<topic class="toc-id" label="ti.sysbios.rts.gnu" href="ti/sysbios/rts/gnu/package.html" title="package ti.sysbios.rts.gnu">
<topic class="toc-id" label="ReentSupport" href="ti/sysbios/rts/gnu/ReentSupport.html" title="module ti.sysbios.rts.gnu.ReentSupport">
</topic>
<topic class="toc-id" label="SemiHostSupport" href="ti/sysbios/rts/gnu/SemiHostSupport.html" title="module ti.sysbios.rts.gnu.SemiHostSupport">
</topic>
</topic>
<topic class="toc-id" label="ti.sysbios.rts.iar" href="ti/sysbios/rts/iar/package.html" title="package ti.sysbios.rts.iar">
<topic class="toc-id" label="MultithreadSupport" href="ti/sysbios/rts/iar/MultithreadSupport.html" title="module ti.sysbios.rts.iar.MultithreadSupport">
</topic>
</topic>
<topic class="toc-id" label="ti.sysbios.smp" href="ti/sysbios/smp/package.html" title="package ti.sysbios.smp">
<topic class="toc-id" label="Load" href="ti/sysbios/smp/Load.html" title="module ti.sysbios.smp.Load">
</topic>
<topic class="toc-id" label="LoggerBuf" href="ti/sysbios/smp/LoggerBuf.html" title="module ti.sysbios.smp.LoggerBuf">
</topic>
<topic class="toc-id" label="SysMin" href="ti/sysbios/smp/SysMin.html" title="module ti.sysbios.smp.SysMin">
</topic>
<topic class="toc-id" label="SysStd" href="ti/sysbios/smp/SysStd.html" title="module ti.sysbios.smp.SysStd">
</topic>
</topic>
<topic class="toc-id" label="ti.sysbios.syncs" href="ti/sysbios/syncs/package.html" title="package ti.sysbios.syncs">
<topic class="toc-id" label="SyncEvent" href="ti/sysbios/syncs/SyncEvent.html" title="module ti.sysbios.syncs.SyncEvent">
</topic>
<topic class="toc-id" label="SyncSem" href="ti/sysbios/syncs/SyncSem.html" title="module ti.sysbios.syncs.SyncSem">
</topic>
<topic class="toc-id" label="SyncSwi" href="ti/sysbios/syncs/SyncSwi.html" title="module ti.sysbios.syncs.SyncSwi">
</topic>
</topic>
<topic class="toc-id" label="ti.sysbios.timers" href="ti/sysbios/timers/package.html" title="package ti.sysbios.timers">
</topic>
<topic class="toc-id" label="ti.sysbios.timers.dmtimer" href="ti/sysbios/timers/dmtimer/package.html" title="package ti.sysbios.timers.dmtimer">
<topic class="toc-id" label="Timer" href="ti/sysbios/timers/dmtimer/Timer.html" title="module ti.sysbios.timers.dmtimer.Timer">
</topic>
<topic class="toc-id" label="TimestampProvider" href="ti/sysbios/timers/dmtimer/TimestampProvider.html" title="module ti.sysbios.timers.dmtimer.TimestampProvider">
</topic>
</topic>
<topic class="toc-id" label="ti.sysbios.timers.gptimer" href="ti/sysbios/timers/gptimer/package.html" title="package ti.sysbios.timers.gptimer">
<topic class="toc-id" label="Timer" href="ti/sysbios/timers/gptimer/Timer.html" title="module ti.sysbios.timers.gptimer.Timer">
</topic>
</topic>
<topic class="toc-id" label="ti.sysbios.timers.timer64" href="ti/sysbios/timers/timer64/package.html" title="package ti.sysbios.timers.timer64">
<topic class="toc-id" label="Timer" href="ti/sysbios/timers/timer64/Timer.html" title="module ti.sysbios.timers.timer64.Timer">
</topic>
<topic class="toc-id" label="TimestampProvider" href="ti/sysbios/timers/timer64/TimestampProvider.html" title="module ti.sysbios.timers.timer64.TimestampProvider">
</topic>
</topic>
<topic class="toc-id" label="ti.sysbios.utils" href="ti/sysbios/utils/package.html" title="package ti.sysbios.utils">
<topic class="toc-id" label="Load" href="ti/sysbios/utils/Load.html" title="module ti.sysbios.utils.Load">
</topic>
</topic>
<topic class="toc-id" label="ti.targets" href="ti/targets/package.html" title="package ti.targets">
<topic class="toc-id" label="C28" href="ti/targets/C28.html" title="metaonly module ti.targets.C28">
</topic>
<topic class="toc-id" label="C28_float" href="ti/targets/C28_float.html" title="metaonly module ti.targets.C28_float">
</topic>
<topic class="toc-id" label="C28_large" href="ti/targets/C28_large.html" title="metaonly module ti.targets.C28_large">
</topic>
<topic class="toc-id" label="C64" href="ti/targets/C64.html" title="metaonly module ti.targets.C64">
</topic>
<topic class="toc-id" label="C64P" href="ti/targets/C64P.html" title="metaonly module ti.targets.C64P">
</topic>
<topic class="toc-id" label="C64P_big_endian" href="ti/targets/C64P_big_endian.html" title="metaonly module ti.targets.C64P_big_endian">
</topic>
<topic class="toc-id" label="C64T" href="ti/targets/C64T.html" title="metaonly module ti.targets.C64T">
</topic>
<topic class="toc-id" label="C64T_big_endian" href="ti/targets/C64T_big_endian.html" title="metaonly module ti.targets.C64T_big_endian">
</topic>
<topic class="toc-id" label="C66" href="ti/targets/C66.html" title="metaonly module ti.targets.C66">
</topic>
<topic class="toc-id" label="C66_big_endian" href="ti/targets/C66_big_endian.html" title="metaonly module ti.targets.C66_big_endian">
</topic>
<topic class="toc-id" label="C674" href="ti/targets/C674.html" title="metaonly module ti.targets.C674">
</topic>
<topic class="toc-id" label="C674_big_endian" href="ti/targets/C674_big_endian.html" title="metaonly module ti.targets.C674_big_endian">
</topic>
<topic class="toc-id" label="C67P" href="ti/targets/C67P.html" title="metaonly module ti.targets.C67P">
</topic>
<topic class="toc-id" label="ITarget" href="ti/targets/ITarget.html" title="metaonly interface ti.targets.ITarget">
</topic>
</topic>
<topic class="toc-id" label="ti.targets.arm.elf" href="ti/targets/arm/elf/package.html" title="package ti.targets.arm.elf">
<topic class="toc-id" label="A15Fnv" href="ti/targets/arm/elf/A15Fnv.html" title="metaonly module ti.targets.arm.elf.A15Fnv">
</topic>
<topic class="toc-id" label="A8F" href="ti/targets/arm/elf/A8F.html" title="metaonly module ti.targets.arm.elf.A8F">
</topic>
<topic class="toc-id" label="A8Fnv" href="ti/targets/arm/elf/A8Fnv.html" title="metaonly module ti.targets.arm.elf.A8Fnv">
</topic>
<topic class="toc-id" label="A8Ft" href="ti/targets/arm/elf/A8Ft.html" title="metaonly module ti.targets.arm.elf.A8Ft">
</topic>
<topic class="toc-id" label="A8Fv" href="ti/targets/arm/elf/A8Fv.html" title="metaonly module ti.targets.arm.elf.A8Fv">
</topic>
<topic class="toc-id" label="Arm7" href="ti/targets/arm/elf/Arm7.html" title="metaonly module ti.targets.arm.elf.Arm7">
</topic>
<topic class="toc-id" label="Arm7_big_endian" href="ti/targets/arm/elf/Arm7_big_endian.html" title="metaonly module ti.targets.arm.elf.Arm7_big_endian">
</topic>
<topic class="toc-id" label="Arm9" href="ti/targets/arm/elf/Arm9.html" title="metaonly module ti.targets.arm.elf.Arm9">
</topic>
<topic class="toc-id" label="Arm9t" href="ti/targets/arm/elf/Arm9t.html" title="metaonly module ti.targets.arm.elf.Arm9t">
</topic>
<topic class="toc-id" label="IA15" href="ti/targets/arm/elf/IA15.html" title="metaonly interface ti.targets.arm.elf.IA15">
</topic>
<topic class="toc-id" label="IA8" href="ti/targets/arm/elf/IA8.html" title="metaonly interface ti.targets.arm.elf.IA8">
</topic>
<topic class="toc-id" label="IArm" href="ti/targets/arm/elf/IArm.html" title="metaonly interface ti.targets.arm.elf.IArm">
</topic>
<topic class="toc-id" label="IM0" href="ti/targets/arm/elf/IM0.html" title="metaonly interface ti.targets.arm.elf.IM0">
</topic>
<topic class="toc-id" label="IM3" href="ti/targets/arm/elf/IM3.html" title="metaonly interface ti.targets.arm.elf.IM3">
</topic>
<topic class="toc-id" label="IM3_big_endian" href="ti/targets/arm/elf/IM3_big_endian.html" title="metaonly interface ti.targets.arm.elf.IM3_big_endian">
</topic>
<topic class="toc-id" label="IM4" href="ti/targets/arm/elf/IM4.html" title="metaonly interface ti.targets.arm.elf.IM4">
</topic>
<topic class="toc-id" label="IR4" href="ti/targets/arm/elf/IR4.html" title="metaonly interface ti.targets.arm.elf.IR4">
</topic>
<topic class="toc-id" label="IR4_big_endian" href="ti/targets/arm/elf/IR4_big_endian.html" title="metaonly interface ti.targets.arm.elf.IR4_big_endian">
</topic>
<topic class="toc-id" label="M0" href="ti/targets/arm/elf/M0.html" title="metaonly module ti.targets.arm.elf.M0">
</topic>
<topic class="toc-id" label="M3" href="ti/targets/arm/elf/M3.html" title="metaonly module ti.targets.arm.elf.M3">
</topic>
<topic class="toc-id" label="M3_big_endian" href="ti/targets/arm/elf/M3_big_endian.html" title="metaonly module ti.targets.arm.elf.M3_big_endian">
</topic>
<topic class="toc-id" label="M4" href="ti/targets/arm/elf/M4.html" title="metaonly module ti.targets.arm.elf.M4">
</topic>
<topic class="toc-id" label="M4F" href="ti/targets/arm/elf/M4F.html" title="metaonly module ti.targets.arm.elf.M4F">
</topic>
<topic class="toc-id" label="R4" href="ti/targets/arm/elf/R4.html" title="metaonly module ti.targets.arm.elf.R4">
</topic>
<topic class="toc-id" label="R4Ft" href="ti/targets/arm/elf/R4Ft.html" title="metaonly module ti.targets.arm.elf.R4Ft">
</topic>
<topic class="toc-id" label="R4Ft_big_endian" href="ti/targets/arm/elf/R4Ft_big_endian.html" title="metaonly module ti.targets.arm.elf.R4Ft_big_endian">
</topic>
<topic class="toc-id" label="R4F_big_endian" href="ti/targets/arm/elf/R4F_big_endian.html" title="metaonly module ti.targets.arm.elf.R4F_big_endian">
</topic>
<topic class="toc-id" label="R4t" href="ti/targets/arm/elf/R4t.html" title="metaonly module ti.targets.arm.elf.R4t">
</topic>
<topic class="toc-id" label="R4t_big_endian" href="ti/targets/arm/elf/R4t_big_endian.html" title="metaonly module ti.targets.arm.elf.R4t_big_endian">
</topic>
<topic class="toc-id" label="R4_big_endian" href="ti/targets/arm/elf/R4_big_endian.html" title="metaonly module ti.targets.arm.elf.R4_big_endian">
</topic>
</topic>
<topic class="toc-id" label="ti.targets.arm.rtsarm" href="ti/targets/arm/rtsarm/package.html" title="package ti.targets.arm.rtsarm">
<topic class="toc-id" label="Settings" href="ti/targets/arm/rtsarm/Settings.html" title="module ti.targets.arm.rtsarm.Settings">
</topic>
</topic>
<topic class="toc-id" label="ti.targets.elf" href="ti/targets/elf/package.html" title="package ti.targets.elf">
<topic class="toc-id" label="C64P" href="ti/targets/elf/C64P.html" title="metaonly module ti.targets.elf.C64P">
</topic>
<topic class="toc-id" label="C64P_big_endian" href="ti/targets/elf/C64P_big_endian.html" title="metaonly module ti.targets.elf.C64P_big_endian">
</topic>
<topic class="toc-id" label="C64T" href="ti/targets/elf/C64T.html" title="metaonly module ti.targets.elf.C64T">
</topic>
<topic class="toc-id" label="C64T_big_endian" href="ti/targets/elf/C64T_big_endian.html" title="metaonly module ti.targets.elf.C64T_big_endian">
</topic>
<topic class="toc-id" label="C66" href="ti/targets/elf/C66.html" title="metaonly module ti.targets.elf.C66">
</topic>
<topic class="toc-id" label="C66_big_endian" href="ti/targets/elf/C66_big_endian.html" title="metaonly module ti.targets.elf.C66_big_endian">
</topic>
<topic class="toc-id" label="C674" href="ti/targets/elf/C674.html" title="metaonly module ti.targets.elf.C674">
</topic>
<topic class="toc-id" label="C674_big_endian" href="ti/targets/elf/C674_big_endian.html" title="metaonly module ti.targets.elf.C674_big_endian">
</topic>
<topic class="toc-id" label="C67P" href="ti/targets/elf/C67P.html" title="metaonly module ti.targets.elf.C67P">
</topic>
<topic class="toc-id" label="ITarget" href="ti/targets/elf/ITarget.html" title="metaonly interface ti.targets.elf.ITarget">
</topic>
</topic>
<topic class="toc-id" label="ti.targets.omf.elf" href="ti/targets/omf/elf/package.html" title="package ti.targets.omf.elf">
</topic>
<topic class="toc-id" label="ti.tirtos" href="ti/tirtos/package.html" title="package ti.tirtos">
<topic class="toc-id" label="TIRTOS" href="ti/tirtos/TIRTOS.html" title="metaonly module ti.tirtos.TIRTOS">
</topic>
</topic>
<topic class="toc-id" label="ti.tirtos.build" href="ti/tirtos/build/package.html" title="package ti.tirtos.build">
</topic>
<topic class="toc-id" label="ti.tirtos.utils" href="ti/tirtos/utils/package.html" title="package ti.tirtos.utils">
<topic class="toc-id" label="UARTMon" href="ti/tirtos/utils/UARTMon.html" title="module ti.tirtos.utils.UARTMon">
</topic>
</topic>
<topic class="toc-id" label="ti.uia.events" href="ti/uia/events/package.html" title="package ti.uia.events">
<topic class="toc-id" label="DvtTypes" href="ti/uia/events/DvtTypes.html" title="module ti.uia.events.DvtTypes">
</topic>
<topic class="toc-id" label="IUIACtx" href="ti/uia/events/IUIACtx.html" title="interface ti.uia.events.IUIACtx">
</topic>
<topic class="toc-id" label="IUIAEvent" href="ti/uia/events/IUIAEvent.html" title="interface ti.uia.events.IUIAEvent">
</topic>
<topic class="toc-id" label="UIAAppCtx" href="ti/uia/events/UIAAppCtx.html" title="module ti.uia.events.UIAAppCtx">
</topic>
<topic class="toc-id" label="UIABenchmark" href="ti/uia/events/UIABenchmark.html" title="module ti.uia.events.UIABenchmark">
</topic>
<topic class="toc-id" label="UIAChanCtx" href="ti/uia/events/UIAChanCtx.html" title="module ti.uia.events.UIAChanCtx">
</topic>
<topic class="toc-id" label="UIAErr" href="ti/uia/events/UIAErr.html" title="module ti.uia.events.UIAErr">
</topic>
<topic class="toc-id" label="UIAEvt" href="ti/uia/events/UIAEvt.html" title="module ti.uia.events.UIAEvt">
</topic>
<topic class="toc-id" label="UIAFrameCtx" href="ti/uia/events/UIAFrameCtx.html" title="module ti.uia.events.UIAFrameCtx">
</topic>
<topic class="toc-id" label="UIAHWICtx" href="ti/uia/events/UIAHWICtx.html" title="module ti.uia.events.UIAHWICtx">
</topic>
<topic class="toc-id" label="UIAMessage" href="ti/uia/events/UIAMessage.html" title="module ti.uia.events.UIAMessage">
</topic>
<topic class="toc-id" label="UIAProfile" href="ti/uia/events/UIAProfile.html" title="module ti.uia.events.UIAProfile">
</topic>
<topic class="toc-id" label="UIARoundtrip" href="ti/uia/events/UIARoundtrip.html" title="module ti.uia.events.UIARoundtrip">
</topic>
<topic class="toc-id" label="UIASnapshot" href="ti/uia/events/UIASnapshot.html" title="module ti.uia.events.UIASnapshot">
</topic>
<topic class="toc-id" label="UIAStatistic" href="ti/uia/events/UIAStatistic.html" title="module ti.uia.events.UIAStatistic">
</topic>
<topic class="toc-id" label="UIASWICtx" href="ti/uia/events/UIASWICtx.html" title="module ti.uia.events.UIASWICtx">
</topic>
<topic class="toc-id" label="UIASync" href="ti/uia/events/UIASync.html" title="module ti.uia.events.UIASync">
</topic>
<topic class="toc-id" label="UIAThreadCtx" href="ti/uia/events/UIAThreadCtx.html" title="module ti.uia.events.UIAThreadCtx">
</topic>
<topic class="toc-id" label="UIAUserCtx" href="ti/uia/events/UIAUserCtx.html" title="module ti.uia.events.UIAUserCtx">
</topic>
</topic>
<topic class="toc-id" label="ti.uia.examples.benchmarks" href="ti/uia/examples/benchmarks/package.html" title="package ti.uia.examples.benchmarks">
</topic>
<topic class="toc-id" label="ti.uia.examples.evm6472" href="ti/uia/examples/evm6472/package.html" title="package ti.uia.examples.evm6472">
</topic>
<topic class="toc-id" label="ti.uia.examples.evm6472.ndkdrivers" href="ti/uia/examples/evm6472/ndkdrivers/package.html" title="package ti.uia.examples.evm6472.ndkdrivers">
</topic>
<topic class="toc-id" label="ti.uia.examples.evmti816x" href="ti/uia/examples/evmti816x/package.html" title="package ti.uia.examples.evmti816x">
</topic>
<topic class="toc-id" label="ti.uia.examples.helloworld" href="ti/uia/examples/helloworld/package.html" title="package ti.uia.examples.helloworld">
</topic>
<topic class="toc-id" label="ti.uia.examples.platforms.evmTI816X.dsp" href="ti/uia/examples/platforms/evmTI816X/dsp/package.html" title="package ti.uia.examples.platforms.evmTI816X.dsp">
<topic class="toc-id" label="Platform" href="ti/uia/examples/platforms/evmTI816X/dsp/Platform.html" title="metaonly module ti.uia.examples.platforms.evmTI816X.dsp.Platform">
</topic>
</topic>
<topic class="toc-id" label="ti.uia.examples.platforms.evmTI816X.host" href="ti/uia/examples/platforms/evmTI816X/host/package.html" title="package ti.uia.examples.platforms.evmTI816X.host">
<topic class="toc-id" label="Platform" href="ti/uia/examples/platforms/evmTI816X/host/Platform.html" title="metaonly module ti.uia.examples.platforms.evmTI816X.host.Platform">
</topic>
</topic>
<topic class="toc-id" label="ti.uia.examples.platforms.evmTI816X.video" href="ti/uia/examples/platforms/evmTI816X/video/package.html" title="package ti.uia.examples.platforms.evmTI816X.video">
<topic class="toc-id" label="Platform" href="ti/uia/examples/platforms/evmTI816X/video/Platform.html" title="metaonly module ti.uia.examples.platforms.evmTI816X.video.Platform">
</topic>
</topic>
<topic class="toc-id" label="ti.uia.examples.platforms.evmTI816X.vpss" href="ti/uia/examples/platforms/evmTI816X/vpss/package.html" title="package ti.uia.examples.platforms.evmTI816X.vpss">
<topic class="toc-id" label="Platform" href="ti/uia/examples/platforms/evmTI816X/vpss/Platform.html" title="metaonly module ti.uia.examples.platforms.evmTI816X.vpss.Platform">
</topic>
</topic>
<topic class="toc-id" label="ti.uia.examples.single" href="ti/uia/examples/single/package.html" title="package ti.uia.examples.single">
</topic>
<topic class="toc-id" label="ti.uia.family" href="ti/uia/family/package.html" title="package ti.uia.family">
<topic class="toc-id" label="Settings" href="ti/uia/family/Settings.html" title="metaonly module ti.uia.family.Settings">
</topic>
</topic>
<topic class="toc-id" label="ti.uia.family.c64p" href="ti/uia/family/c64p/package.html" title="package ti.uia.family.c64p">
<topic class="toc-id" label="GemTraceSync" href="ti/uia/family/c64p/GemTraceSync.html" title="module ti.uia.family.c64p.GemTraceSync">
</topic>
<topic class="toc-id" label="TimestampC6472Timer" href="ti/uia/family/c64p/TimestampC6472Timer.html" title="module ti.uia.family.c64p.TimestampC6472Timer">
</topic>
<topic class="toc-id" label="TimestampC6474Timer" href="ti/uia/family/c64p/TimestampC6474Timer.html" title="module ti.uia.family.c64p.TimestampC6474Timer">
</topic>
<topic class="toc-id" label="TimestampC64XLocal" href="ti/uia/family/c64p/TimestampC64XLocal.html" title="module ti.uia.family.c64p.TimestampC64XLocal">
</topic>
</topic>
<topic class="toc-id" label="ti.uia.family.c66" href="ti/uia/family/c66/package.html" title="package ti.uia.family.c66">
<topic class="toc-id" label="GemTraceSync" href="ti/uia/family/c66/GemTraceSync.html" title="module ti.uia.family.c66.GemTraceSync">
</topic>
<topic class="toc-id" label="TimestampC66XGlobal" href="ti/uia/family/c66/TimestampC66XGlobal.html" title="module ti.uia.family.c66.TimestampC66XGlobal">
</topic>
<topic class="toc-id" label="TimestampC66XLocal" href="ti/uia/family/c66/TimestampC66XLocal.html" title="module ti.uia.family.c66.TimestampC66XLocal">
</topic>
</topic>
<topic class="toc-id" label="ti.uia.family.dm" href="ti/uia/family/dm/package.html" title="package ti.uia.family.dm">
<topic class="toc-id" label="TimestampDM816XTimer" href="ti/uia/family/dm/TimestampDM816XTimer.html" title="module ti.uia.family.dm.TimestampDM816XTimer">
</topic>
</topic>
<topic class="toc-id" label="ti.uia.loggers" href="ti/uia/loggers/package.html" title="package ti.uia.loggers">
<topic class="toc-id" label="LoggerMin" href="ti/uia/loggers/LoggerMin.html" title="module ti.uia.loggers.LoggerMin">
</topic>
<topic class="toc-id" label="LoggerRunMode" href="ti/uia/loggers/LoggerRunMode.html" title="module ti.uia.loggers.LoggerRunMode">
</topic>
<topic class="toc-id" label="LoggerStopMode" href="ti/uia/loggers/LoggerStopMode.html" title="module ti.uia.loggers.LoggerStopMode">
</topic>
</topic>
<topic class="toc-id" label="ti.uia.runtime" href="ti/uia/runtime/package.html" title="package ti.uia.runtime">
<topic class="toc-id" label="CtxFilter" href="ti/uia/runtime/CtxFilter.html" title="module ti.uia.runtime.CtxFilter">
</topic>
<topic class="toc-id" label="EventHdr" href="ti/uia/runtime/EventHdr.html" title="module ti.uia.runtime.EventHdr">
</topic>
<topic class="toc-id" label="ILoggerSnapshot" href="ti/uia/runtime/ILoggerSnapshot.html" title="interface ti.uia.runtime.ILoggerSnapshot">
</topic>
<topic class="toc-id" label="IServiceMgrSupport" href="ti/uia/runtime/IServiceMgrSupport.html" title="interface ti.uia.runtime.IServiceMgrSupport">
</topic>
<topic class="toc-id" label="IUIATimestampProvider" href="ti/uia/runtime/IUIATimestampProvider.html" title="interface ti.uia.runtime.IUIATimestampProvider">
</topic>
<topic class="toc-id" label="IUIATraceSyncClient" href="ti/uia/runtime/IUIATraceSyncClient.html" title="interface ti.uia.runtime.IUIATraceSyncClient">
</topic>
<topic class="toc-id" label="IUIATraceSyncProvider" href="ti/uia/runtime/IUIATraceSyncProvider.html" title="interface ti.uia.runtime.IUIATraceSyncProvider">
</topic>
<topic class="toc-id" label="IUIATransfer" href="ti/uia/runtime/IUIATransfer.html" title="interface ti.uia.runtime.IUIATransfer">
</topic>
<topic class="toc-id" label="LogCtxChg" href="ti/uia/runtime/LogCtxChg.html" title="module ti.uia.runtime.LogCtxChg">
</topic>
<topic class="toc-id" label="LoggerSM" href="ti/uia/runtime/LoggerSM.html" title="module ti.uia.runtime.LoggerSM">
</topic>
<topic class="toc-id" label="LoggerTypes" href="ti/uia/runtime/LoggerTypes.html" title="module ti.uia.runtime.LoggerTypes">
</topic>
<topic class="toc-id" label="LogSnapshot" href="ti/uia/runtime/LogSnapshot.html" title="module ti.uia.runtime.LogSnapshot">
</topic>
<topic class="toc-id" label="LogSync" href="ti/uia/runtime/LogSync.html" title="module ti.uia.runtime.LogSync">
</topic>
<topic class="toc-id" label="ServiceMgr" href="ti/uia/runtime/ServiceMgr.html" title="module ti.uia.runtime.ServiceMgr">
</topic>
<topic class="toc-id" label="UIAPacket" href="ti/uia/runtime/UIAPacket.html" title="module ti.uia.runtime.UIAPacket">
</topic>
</topic>
<topic class="toc-id" label="ti.uia.scripts" href="ti/uia/scripts/package.html" title="package ti.uia.scripts">
</topic>
<topic class="toc-id" label="ti.uia.scripts.ndk" href="ti/uia/scripts/ndk/package.html" title="package ti.uia.scripts.ndk">
<topic class="toc-id" label="Main" href="ti/uia/scripts/ndk/Main.html" title="metaonly module ti.uia.scripts.ndk.Main">
</topic>
</topic>
<topic class="toc-id" label="ti.uia.services" href="ti/uia/services/package.html" title="package ti.uia.services">
<topic class="toc-id" label="Rta" href="ti/uia/services/Rta.html" title="module ti.uia.services.Rta">
</topic>
</topic>
<topic class="toc-id" label="ti.uia.sysbios" href="ti/uia/sysbios/package.html" title="package ti.uia.sysbios">
<topic class="toc-id" label="Adaptor" href="ti/uia/sysbios/Adaptor.html" title="module ti.uia.sysbios.Adaptor">
</topic>
<topic class="toc-id" label="IpcMP" href="ti/uia/sysbios/IpcMP.html" title="module ti.uia.sysbios.IpcMP">
</topic>
<topic class="toc-id" label="LoggerIdle" href="ti/uia/sysbios/LoggerIdle.html" title="module ti.uia.sysbios.LoggerIdle">
</topic>
<topic class="toc-id" label="LoggerStreamer" href="ti/uia/sysbios/LoggerStreamer.html" title="module ti.uia.sysbios.LoggerStreamer">
</topic>
<topic class="toc-id" label="LoggerStreamer2" href="ti/uia/sysbios/LoggerStreamer2.html" title="module ti.uia.sysbios.LoggerStreamer2">
</topic>
<topic class="toc-id" label="LoggingSetup" href="ti/uia/sysbios/LoggingSetup.html" title="metaonly module ti.uia.sysbios.LoggingSetup">
</topic>
</topic>
<topic class="toc-id" label="xdc.runtime" href="xdc/runtime/package.html" title="package xdc.runtime">
<topic class="toc-id" label="Assert" href="xdc/runtime/Assert.html" title="module xdc.runtime.Assert">
</topic>
<topic class="toc-id" label="Defaults" href="xdc/runtime/Defaults.html" title="module xdc.runtime.Defaults">
</topic>
<topic class="toc-id" label="Diags" href="xdc/runtime/Diags.html" title="module xdc.runtime.Diags">
</topic>
<topic class="toc-id" label="Error" href="xdc/runtime/Error.html" title="module xdc.runtime.Error">
</topic>
<topic class="toc-id" label="Gate" href="xdc/runtime/Gate.html" title="module xdc.runtime.Gate">
</topic>
<topic class="toc-id" label="GateNull" href="xdc/runtime/GateNull.html" title="module xdc.runtime.GateNull">
</topic>
<topic class="toc-id" label="HeapMin" href="xdc/runtime/HeapMin.html" title="module xdc.runtime.HeapMin">
</topic>
<topic class="toc-id" label="HeapStd" href="xdc/runtime/HeapStd.html" title="module xdc.runtime.HeapStd">
</topic>
<topic class="toc-id" label="IFilterLogger" href="xdc/runtime/IFilterLogger.html" title="interface xdc.runtime.IFilterLogger">
</topic>
<topic class="toc-id" label="IGateProvider" href="xdc/runtime/IGateProvider.html" title="interface xdc.runtime.IGateProvider">
</topic>
<topic class="toc-id" label="IHeap" href="xdc/runtime/IHeap.html" title="interface xdc.runtime.IHeap">
</topic>
<topic class="toc-id" label="IInstance" href="xdc/runtime/IInstance.html" title="interface xdc.runtime.IInstance">
</topic>
<topic class="toc-id" label="ILogger" href="xdc/runtime/ILogger.html" title="interface xdc.runtime.ILogger">
</topic>
<topic class="toc-id" label="IModule" href="xdc/runtime/IModule.html" title="interface xdc.runtime.IModule">
</topic>
<topic class="toc-id" label="ISystemSupport" href="xdc/runtime/ISystemSupport.html" title="interface xdc.runtime.ISystemSupport">
</topic>
<topic class="toc-id" label="ITimestampClient" href="xdc/runtime/ITimestampClient.html" title="interface xdc.runtime.ITimestampClient">
</topic>
<topic class="toc-id" label="ITimestampProvider" href="xdc/runtime/ITimestampProvider.html" title="interface xdc.runtime.ITimestampProvider">
</topic>
<topic class="toc-id" label="Log" href="xdc/runtime/Log.html" title="module xdc.runtime.Log">
</topic>
<topic class="toc-id" label="LoggerBuf" href="xdc/runtime/LoggerBuf.html" title="module xdc.runtime.LoggerBuf">
</topic>
<topic class="toc-id" label="LoggerCallback" href="xdc/runtime/LoggerCallback.html" title="module xdc.runtime.LoggerCallback">
</topic>
<topic class="toc-id" label="LoggerSys" href="xdc/runtime/LoggerSys.html" title="module xdc.runtime.LoggerSys">
</topic>
<topic class="toc-id" label="Main" href="xdc/runtime/Main.html" title="module xdc.runtime.Main">
</topic>
<topic class="toc-id" label="Memory" href="xdc/runtime/Memory.html" title="module xdc.runtime.Memory">
</topic>
<topic class="toc-id" label="Registry" href="xdc/runtime/Registry.html" title="module xdc.runtime.Registry">
</topic>
<topic class="toc-id" label="Reset" href="xdc/runtime/Reset.html" title="metaonly module xdc.runtime.Reset">
</topic>
<topic class="toc-id" label="Rta" href="xdc/runtime/Rta.html" title="module xdc.runtime.Rta">
</topic>
<topic class="toc-id" label="Startup" href="xdc/runtime/Startup.html" title="module xdc.runtime.Startup">
</topic>
<topic class="toc-id" label="SysCallback" href="xdc/runtime/SysCallback.html" title="module xdc.runtime.SysCallback">
</topic>
<topic class="toc-id" label="SysMin" href="xdc/runtime/SysMin.html" title="module xdc.runtime.SysMin">
</topic>
<topic class="toc-id" label="SysStd" href="xdc/runtime/SysStd.html" title="module xdc.runtime.SysStd">
</topic>
<topic class="toc-id" label="System" href="xdc/runtime/System.html" title="module xdc.runtime.System">
</topic>
<topic class="toc-id" label="Text" href="xdc/runtime/Text.html" title="module xdc.runtime.Text">
</topic>
<topic class="toc-id" label="Timestamp" href="xdc/runtime/Timestamp.html" title="module xdc.runtime.Timestamp">
</topic>
<topic class="toc-id" label="TimestampNull" href="xdc/runtime/TimestampNull.html" title="module xdc.runtime.TimestampNull">
</topic>
<topic class="toc-id" label="TimestampStd" href="xdc/runtime/TimestampStd.html" title="module xdc.runtime.TimestampStd">
</topic>
<topic class="toc-id" label="Types" href="xdc/runtime/Types.html" title="module xdc.runtime.Types">
</topic>
</topic>
<topic class="toc-id" label="xdc.runtime.knl" href="xdc/runtime/knl/package.html" title="package xdc.runtime.knl">
<topic class="toc-id" label="Cache" href="xdc/runtime/knl/Cache.html" title="module xdc.runtime.knl.Cache">
</topic>
<topic class="toc-id" label="CacheSupportNull" href="xdc/runtime/knl/CacheSupportNull.html" title="module xdc.runtime.knl.CacheSupportNull">
</topic>
<topic class="toc-id" label="GateH" href="xdc/runtime/knl/GateH.html" title="module xdc.runtime.knl.GateH">
</topic>
<topic class="toc-id" label="GateProcess" href="xdc/runtime/knl/GateProcess.html" title="module xdc.runtime.knl.GateProcess">
</topic>
<topic class="toc-id" label="GateProcessSupportNull" href="xdc/runtime/knl/GateProcessSupportNull.html" title="module xdc.runtime.knl.GateProcessSupportNull">
</topic>
<topic class="toc-id" label="GateThread" href="xdc/runtime/knl/GateThread.html" title="module xdc.runtime.knl.GateThread">
</topic>
<topic class="toc-id" label="GateThreadSupportNull" href="xdc/runtime/knl/GateThreadSupportNull.html" title="module xdc.runtime.knl.GateThreadSupportNull">
</topic>
<topic class="toc-id" label="ICacheSupport" href="xdc/runtime/knl/ICacheSupport.html" title="interface xdc.runtime.knl.ICacheSupport">
</topic>
<topic class="toc-id" label="IGateProcessSupport" href="xdc/runtime/knl/IGateProcessSupport.html" title="interface xdc.runtime.knl.IGateProcessSupport">
</topic>
<topic class="toc-id" label="IGateThreadSupport" href="xdc/runtime/knl/IGateThreadSupport.html" title="interface xdc.runtime.knl.IGateThreadSupport">
</topic>
<topic class="toc-id" label="ISemaphore" href="xdc/runtime/knl/ISemaphore.html" title="interface xdc.runtime.knl.ISemaphore">
</topic>
<topic class="toc-id" label="ISemProcessSupport" href="xdc/runtime/knl/ISemProcessSupport.html" title="interface xdc.runtime.knl.ISemProcessSupport">
</topic>
<topic class="toc-id" label="ISemThreadSupport" href="xdc/runtime/knl/ISemThreadSupport.html" title="interface xdc.runtime.knl.ISemThreadSupport">
</topic>
<topic class="toc-id" label="ISync" href="xdc/runtime/knl/ISync.html" title="interface xdc.runtime.knl.ISync">
</topic>
<topic class="toc-id" label="IThreadSupport" href="xdc/runtime/knl/IThreadSupport.html" title="interface xdc.runtime.knl.IThreadSupport">
</topic>
<topic class="toc-id" label="Semaphore" href="xdc/runtime/knl/Semaphore.html" title="module xdc.runtime.knl.Semaphore">
</topic>
<topic class="toc-id" label="SemProcess" href="xdc/runtime/knl/SemProcess.html" title="module xdc.runtime.knl.SemProcess">
</topic>
<topic class="toc-id" label="SemThread" href="xdc/runtime/knl/SemThread.html" title="module xdc.runtime.knl.SemThread">
</topic>
<topic class="toc-id" label="Sync" href="xdc/runtime/knl/Sync.html" title="module xdc.runtime.knl.Sync">
</topic>
<topic class="toc-id" label="SyncGeneric" href="xdc/runtime/knl/SyncGeneric.html" title="module xdc.runtime.knl.SyncGeneric">
</topic>
<topic class="toc-id" label="SyncNull" href="xdc/runtime/knl/SyncNull.html" title="module xdc.runtime.knl.SyncNull">
</topic>
<topic class="toc-id" label="SyncSemThread" href="xdc/runtime/knl/SyncSemThread.html" title="module xdc.runtime.knl.SyncSemThread">
</topic>
<topic class="toc-id" label="Thread" href="xdc/runtime/knl/Thread.html" title="module xdc.runtime.knl.Thread">
</topic>
</topic>
</toc>
