<?xml version="1.0" encoding="UTF-8"?>
<package kind='package' name='ti.catalog' nodoc='0' root='../../' summary='TI+device+specifications'>
    <line tab='0' content='%3Cspan+class%3D%22xdoc-kw1%22%3Epackage%3C%2Fspan%3E+%3Cgo%3E%3Cspan+class%3D%22xdoc-id%22%3Eti.catalog%3C%2Fspan%3E%3C%2Fgo%3E+%5B1%2C+0%2C+0%5D+%7B'/>
    <line tab='0' content='%7D'/>
    <unit name='ICpuDataSheet' kind='interface' nodoc='0' metaonly='1' summary='TI-specific+extensions+to+xdc.platform.ICpuDataSheet' inherits='xdc.platform.ICpuDataSheet'>
        <synopSpec>
            <line tab='0' content='%3Cspan+class%3D%22xdoc-kw1%22%3Epackage%3C%2Fspan%3E+%3Ca+class%3D%22xdoc-link%22+href%3D%22..%2F..%2Fti%2Fcatalog%2Fpackage.html%22+title%3D%22ti.catalog%22%3Eti.catalog%3C%2Fa%3E%3B'/>
            <line blank='1' always='0'/>
            <line tab='0' content='%3Cspan+class%3D%22xdoc-kw1%22%3Emetaonly+%3C%2Fspan%3E%3Cspan+class%3D%22xdoc-kw1%22%3Einterface%3C%2Fspan%3E+%3Cgo%3E%3Cspan+class%3D%22xdoc-id%22%3EICpuDataSheet%3C%2Fspan%3E%3C%2Fgo%3E%3Cspan+class%3D%22xdoc-kw1%22%3E+inherits+%3C%2Fspan%3E%3Ca+class%3D%22xdoc-link%22+href%3D%22..%2F..%2Fxdc%2Fplatform%2FICpuDataSheet.html%22+title%3D%22xdc.platform.ICpuDataSheet%22%3EICpuDataSheet%3C%2Fa%3E+%7B'/>
            <line tab='0' content='%7D'/>
        </synopSpec>
        <specInfo>
            <line tab='0' content='%3Cspan+class%3D%22xdoc-kw1%22%3Emetaonly+%3C%2Fspan%3E%3Cspan+class%3D%22xdoc-kw1%22%3Einterface%3C%2Fspan%3E+%3Cgo%3E%3Cspan+class%3D%22xdoc-id%22%3EICpuDataSheet%3C%2Fspan%3E%3C%2Fgo%3E+%7B%3Cb%3E%26nbsp%3B%26nbsp%3B...%3C%2Fb%3E'/>
            <line tab='0' comment='inherits+%3Ca+class%3D%22xdoc-link%22+href%3D%22..%2F..%2Fxdc%2Fplatform%2FICpuDataSheet.html%22+title%3D%22xdc.platform.ICpuDataSheet%22%3Exdc.platform.ICpuDataSheet%3C%2Fa%3E'/>
            <line tab='0' content='%3Cspan+class%3D%22xdoc-kw1%22%3Einstance%3C%2Fspan%3E%3A%3Cb%3E%26nbsp%3B%26nbsp%3B...%3C%2Fb%3E'/>
        </specInfo>
        <group name='module-wide constants &amp; types'>
            <decl spacer='1'/>
        </group>
        <group name='module-wide config parameters'>
            <decl spacer='1'/>
            <decl spacer='1'/>
            <decl spacer='1'/>
        </group>
        <group name='module-wide data'>
        </group>
        <group name='module-wide functions'>
            <decl spacer='1'/>
        </group>
        <group name='$instance'>
            <synopSpec>
                <line tab='0' content='%3Cspan+class%3D%22xdoc-kw1%22%3Einstance%3C%2Fspan%3E%3A'/>
                <line blank='1' always='0'/>
            </synopSpec>
        </group>
        <group name='per-instance config parameters'>
            <synopMeta>
                <line tab='0' comment='Instance+config-params+object' content='%3Cspan+class%3D%22xdoc-kw1%22%3Evar%3C%2Fspan%3E+params+%3D+%3Cspan+class%3D%22xdoc-kw1%22%3Enew%3C%2Fspan%3E+ICpuDataSheet.%3Cgo%3E%3Cspan+class%3D%22xdoc-id%22%3EParams%3C%2Fspan%3E%3C%2Fgo%3E%3B'/>
                <line tab='1' comment='A+string+identifying+the+CPU+Core' anchor='cpu.Core' altext='xdc.platform.ICpuDataSheet.cpuCore' content='params.%3Cgo%3E%3Cspan+class%3D%22xdoc-id%22%3EcpuCore%3C%2Fspan%3E%3C%2Fgo%3E+%3D+%3Ci%3E%3Cspan+class%3D%22xdoc-kw2%22%3EString%3C%2Fspan%3E%3C%2Fi%3E+%3Cspan+class%3D%22xdoc-kw2%22%3Eundefined%3C%2Fspan%3E%3B'/>
                <line tab='1' comment='A+string+that+uniquely+identifies+a+revision+of+the+core' anchor='cpu.Core.Revision' altext='xdc.platform.ICpuDataSheet.cpuCoreRevision' content='params.%3Cgo%3E%3Cspan+class%3D%22xdoc-id%22%3EcpuCoreRevision%3C%2Fspan%3E%3C%2Fgo%3E+%3D+%3Ci%3E%3Cspan+class%3D%22xdoc-kw2%22%3EString%3C%2Fspan%3E%3C%2Fi%3E+%3Cspan+class%3D%22xdoc-kw2%22%3Eundefined%3C%2Fspan%3E%3B'/>
                <line tab='1' comment='The+size+of+an+int+on+the+target+in+8-bit+bytes' anchor='data.Word.Size' altext='xdc.platform.ICpuDataSheet.dataWordSize' content='params.%3Cgo%3E%3Cspan+class%3D%22xdoc-id%22%3EdataWordSize%3C%2Fspan%3E%3C%2Fgo%3E+%3D+%3Ci%3E%3Cspan+class%3D%22xdoc-kw2%22%3EInt%3C%2Fspan%3E%3C%2Fi%3E+%3Cspan+class%3D%22xdoc-kw2%22%3Eundefined%3C%2Fspan%3E%3B'/>
                <line tab='1' comment='The+optional+header+file+that+define+device+specific+constants+and%0A++structures' anchor='device.Header' altext='xdc.platform.ICpuDataSheet.deviceHeader' content='params.%3Cgo%3E%3Cspan+class%3D%22xdoc-id%22%3EdeviceHeader%3C%2Fspan%3E%3C%2Fgo%3E+%3D+%3Ci%3E%3Cspan+class%3D%22xdoc-kw2%22%3EString%3C%2Fspan%3E%3C%2Fi%3E+%3Cspan+class%3D%22xdoc-kw2%22%3Eundefined%3C%2Fspan%3E%3B'/>
                <line tab='1' nodoc='1' comment='' anchor='isa' altext='ti.catalog.ICpuDataSheet.isa' content='params.%3Cgo%3E%3Cspan+class%3D%22xdoc-id%22%3Eisa%3C%2Fspan%3E%3C%2Fgo%3E+%3D+%3Ci%3E%3Cspan+class%3D%22xdoc-kw2%22%3EString%3C%2Fspan%3E%3C%2Fi%3E+%3Cspan+class%3D%22xdoc-kw2%22%3Eundefined%3C%2Fspan%3E%3B'/>
                <line tab='1' comment='The+minimum+addressable+data+unit+size+in+8-bit+bytes' anchor='min.Data.Unit.Size' altext='xdc.platform.ICpuDataSheet.minDataUnitSize' content='params.%3Cgo%3E%3Cspan+class%3D%22xdoc-id%22%3EminDataUnitSize%3C%2Fspan%3E%3C%2Fgo%3E+%3D+%3Ci%3E%3Cspan+class%3D%22xdoc-kw2%22%3EInt%3C%2Fspan%3E%3C%2Fi%3E+%3Cspan+class%3D%22xdoc-kw2%22%3Eundefined%3C%2Fspan%3E%3B'/>
                <line tab='1' comment='The+minimum+addressable+program+unit+size+in+8-bit+bytes' anchor='min.Prog.Unit.Size' altext='xdc.platform.ICpuDataSheet.minProgUnitSize' content='params.%3Cgo%3E%3Cspan+class%3D%22xdoc-id%22%3EminProgUnitSize%3C%2Fspan%3E%3C%2Fgo%3E+%3D+%3Ci%3E%3Cspan+class%3D%22xdoc-kw2%22%3EInt%3C%2Fspan%3E%3C%2Fi%3E+%3Cspan+class%3D%22xdoc-kw2%22%3Eundefined%3C%2Fspan%3E%3B'/>
                <line tab='1' comment='A+map+of+peripherals+available+on+the+device' anchor='peripherals' altext='xdc.platform.ICpuDataSheet.peripherals' content='params.%3Cgo%3E%3Cspan+class%3D%22xdoc-id%22%3Eperipherals%3C%2Fspan%3E%3C%2Fgo%3E+%3D+%3Ci%3E%3Ca+class%3D%22xdoc-link%22+href%3D%22..%2F..%2Fxdc%2Fplatform%2FIPeripheral.html%23.Instance%22+title%3D%22xdc.platform.IPeripheral.Instance%22%3EIPeripheral.Instance%3C%2Fa%3E%5B%3Cspan+class%3D%22xdoc-kw1%22%3Estring%3C%2Fspan%3E%5D%3C%2Fi%3E+%3Cspan+class%3D%22xdoc-kw2%22%3Eundefined%3C%2Fspan%3E%3B'/>
            </synopMeta>
            <decl spacer='1'/>
            <decl kind='config' name='cpuCore' anchor='cpu.Core' altext='ti.catalog.ICpuDataSheet.cpuCore' nodoc='0' external='1' overrides='0' readonly='0' instance='1' summary='A+string+identifying+the+CPU+Core' origin='%3Ca+class%3D%22xdoc-link%22+href%3D%22..%2F..%2Fxdc%2Fplatform%2FICpuDataSheet.html%23cpu.Core%22+title%3D%22xdc.platform.ICpuDataSheet.cpuCore%22%3EICpuDataSheet%3C%2Fa%3E'>
                <synopSpec>
                    <line tab='0' content='%3Cspan+class%3D%22xdoc-kw1%22%3Econfig%3C%2Fspan%3E+%3Cspan+class%3D%22xdoc-kw2%22%3EString%3C%2Fspan%3E%26nbsp%3B%3Cgo%3E%3Cspan+class%3D%22xdoc-id%22%3EcpuCore%3C%2Fspan%3E%3C%2Fgo%3E%3B'/>
                </synopSpec>
                <docSect name='details'>
                    <docPara content='This+uniquely+identifies+the+instruction+set+that+the+CPU+can%0A++decode+and+execute.'/>
                </docSect>
            </decl>
            <decl kind='config' name='cpuCoreRevision' anchor='cpu.Core.Revision' altext='ti.catalog.ICpuDataSheet.cpuCoreRevision' nodoc='0' external='1' overrides='0' readonly='0' instance='1' summary='A+string+that+uniquely+identifies+a+revision+of+the+core' origin='%3Ca+class%3D%22xdoc-link%22+href%3D%22..%2F..%2Fxdc%2Fplatform%2FICpuDataSheet.html%23cpu.Core.Revision%22+title%3D%22xdc.platform.ICpuDataSheet.cpuCoreRevision%22%3EICpuDataSheet%3C%2Fa%3E'>
                <synopSpec>
                    <line tab='0' content='%3Cspan+class%3D%22xdoc-kw1%22%3Econfig%3C%2Fspan%3E+%3Cspan+class%3D%22xdoc-kw2%22%3EString%3C%2Fspan%3E%26nbsp%3B%3Cgo%3E%3Cspan+class%3D%22xdoc-id%22%3EcpuCoreRevision%3C%2Fspan%3E%3C%2Fgo%3E%3B'/>
                </synopSpec>
            </decl>
            <decl kind='config' name='dataWordSize' anchor='data.Word.Size' altext='ti.catalog.ICpuDataSheet.dataWordSize' nodoc='0' external='1' overrides='0' readonly='0' instance='1' summary='The+size+of+an+int+on+the+target+in+8-bit+bytes' origin='%3Ca+class%3D%22xdoc-link%22+href%3D%22..%2F..%2Fxdc%2Fplatform%2FICpuDataSheet.html%23data.Word.Size%22+title%3D%22xdc.platform.ICpuDataSheet.dataWordSize%22%3EICpuDataSheet%3C%2Fa%3E'>
                <synopSpec>
                    <line tab='0' content='%3Cspan+class%3D%22xdoc-kw1%22%3Econfig%3C%2Fspan%3E+%3Cspan+class%3D%22xdoc-kw2%22%3EInt%3C%2Fspan%3E%26nbsp%3B%3Cgo%3E%3Cspan+class%3D%22xdoc-id%22%3EdataWordSize%3C%2Fspan%3E%3C%2Fgo%3E%3B'/>
                </synopSpec>
            </decl>
            <decl kind='config' name='deviceHeader' anchor='device.Header' altext='ti.catalog.ICpuDataSheet.deviceHeader' nodoc='0' external='1' overrides='0' readonly='0' instance='1' summary='The+optional+header+file+that+define+device+specific+constants+and%0A++structures' origin='%3Ca+class%3D%22xdoc-link%22+href%3D%22..%2F..%2Fxdc%2Fplatform%2FICpuDataSheet.html%23device.Header%22+title%3D%22xdc.platform.ICpuDataSheet.deviceHeader%22%3EICpuDataSheet%3C%2Fa%3E'>
                <synopSpec>
                    <line tab='0' content='%3Cspan+class%3D%22xdoc-kw1%22%3Econfig%3C%2Fspan%3E+%3Cspan+class%3D%22xdoc-kw2%22%3EString%3C%2Fspan%3E%26nbsp%3B%3Cgo%3E%3Cspan+class%3D%22xdoc-id%22%3EdeviceHeader%3C%2Fspan%3E%3C%2Fgo%3E%3B'/>
                </synopSpec>
            </decl>
            <decl kind='config' name='isa' anchor='isa' altext='ti.catalog.ICpuDataSheet.isa' nodoc='1' external='1' overrides='0' readonly='0' instance='1' summary=''>
                <synopSpec>
                    <line tab='0' content='%3Cspan+class%3D%22xdoc-kw1%22%3Econfig%3C%2Fspan%3E+%3Cspan+class%3D%22xdoc-kw2%22%3EString%3C%2Fspan%3E%26nbsp%3B%3Cgo%3E%3Cspan+class%3D%22xdoc-id%22%3Eisa%3C%2Fspan%3E%3C%2Fgo%3E%3B'/>
                </synopSpec>
            </decl>
            <decl kind='config' name='minDataUnitSize' anchor='min.Data.Unit.Size' altext='ti.catalog.ICpuDataSheet.minDataUnitSize' nodoc='0' external='1' overrides='0' readonly='0' instance='1' summary='The+minimum+addressable+data+unit+size+in+8-bit+bytes' origin='%3Ca+class%3D%22xdoc-link%22+href%3D%22..%2F..%2Fxdc%2Fplatform%2FICpuDataSheet.html%23min.Data.Unit.Size%22+title%3D%22xdc.platform.ICpuDataSheet.minDataUnitSize%22%3EICpuDataSheet%3C%2Fa%3E'>
                <synopSpec>
                    <line tab='0' content='%3Cspan+class%3D%22xdoc-kw1%22%3Econfig%3C%2Fspan%3E+%3Cspan+class%3D%22xdoc-kw2%22%3EInt%3C%2Fspan%3E%26nbsp%3B%3Cgo%3E%3Cspan+class%3D%22xdoc-id%22%3EminDataUnitSize%3C%2Fspan%3E%3C%2Fgo%3E%3B'/>
                </synopSpec>
            </decl>
            <decl kind='config' name='minProgUnitSize' anchor='min.Prog.Unit.Size' altext='ti.catalog.ICpuDataSheet.minProgUnitSize' nodoc='0' external='1' overrides='0' readonly='0' instance='1' summary='The+minimum+addressable+program+unit+size+in+8-bit+bytes' origin='%3Ca+class%3D%22xdoc-link%22+href%3D%22..%2F..%2Fxdc%2Fplatform%2FICpuDataSheet.html%23min.Prog.Unit.Size%22+title%3D%22xdc.platform.ICpuDataSheet.minProgUnitSize%22%3EICpuDataSheet%3C%2Fa%3E'>
                <synopSpec>
                    <line tab='0' content='%3Cspan+class%3D%22xdoc-kw1%22%3Econfig%3C%2Fspan%3E+%3Cspan+class%3D%22xdoc-kw2%22%3EInt%3C%2Fspan%3E%26nbsp%3B%3Cgo%3E%3Cspan+class%3D%22xdoc-id%22%3EminProgUnitSize%3C%2Fspan%3E%3C%2Fgo%3E%3B'/>
                </synopSpec>
            </decl>
            <decl kind='config' name='peripherals' anchor='peripherals' altext='ti.catalog.ICpuDataSheet.peripherals' nodoc='0' external='1' overrides='0' readonly='0' instance='1' summary='A+map+of+peripherals+available+on+the+device' origin='%3Ca+class%3D%22xdoc-link%22+href%3D%22..%2F..%2Fxdc%2Fplatform%2FICpuDataSheet.html%23peripherals%22+title%3D%22xdc.platform.ICpuDataSheet.peripherals%22%3EICpuDataSheet%3C%2Fa%3E'>
                <synopSpec>
                    <line tab='0' content='%3Cspan+class%3D%22xdoc-kw1%22%3Econfig%3C%2Fspan%3E+%3Ca+class%3D%22xdoc-link%22+href%3D%22..%2F..%2Fxdc%2Fplatform%2FIPeripheral.html%23.Instance%22+title%3D%22xdc.platform.IPeripheral.Instance%22%3EIPeripheral.Instance%3C%2Fa%3E%26nbsp%3B%3Cgo%3E%3Cspan+class%3D%22xdoc-id%22%3Eperipherals%3C%2Fspan%3E%3C%2Fgo%3E%5B%3Cspan+class%3D%22xdoc-kw1%22%3Estring%3C%2Fspan%3E%5D%3B'/>
                </synopSpec>
            </decl>
        </group>
        <group name='per-instance creation'>
            <synopSpec>
                <line tab='0' comment='Create+an+instance-object' content='%3Cgo%3E%3Cspan+class%3D%22xdoc-id%22%3Ecreate%3C%2Fspan%3E%3C%2Fgo%3E%28+%3Cspan+class%3D%22xdoc-kw2%22%3EString%3C%2Fspan%3E%26nbsp%3B%3Cgo%3E%3Cspan+class%3D%22xdoc-id%22%3Erevision%3C%2Fspan%3E%3C%2Fgo%3E+%29%3B'/>
            </synopSpec>
            <docSect name='ARGUMENTS'>
                <docChild name='revision' summary='a+string+that+identifies+revision+of+the+CPU+to+be%0A%09%09%09created.'>
                </docChild>
            </docSect>
            <docSect name='details'>
                <docPara content='A+%22data+sheet%22+for+a+CPU+allows+one+to+get+specific+attributes%0A++for+a+CPU+programatically%3B+e.g.%2C+the+memory+map+of+the+CPU.'/>
                <docPara content='Notice+that+we+don%27t+specify+CPU+registers+when+we+create+a%0A++a+data-sheet%3B+registers+are+provided+as+necessary+to+the+other%0A++functions+defined+in+this+interface.++This+allows+one+to+more+easily%0A++get+memory+maps+for+several+different+setting+of+the+registers%2C%0A++for+example.'/>
            </docSect>
        </group>
        <group name='per-instance functions'>
            <decl spacer='1'/>
            <decl kind='fxn' name='getMemoryMap' anchor='get.Memory.Map' altext='ti.catalog.ICpuDataSheet.getMemoryMap' nodoc='0' external='1' overrides='0' readonly='0' instance='1' summary='Get+the+memory+map+that+corresponds+to+the+values+of+the+specified%0A++registers' origin='%3Ca+class%3D%22xdoc-link%22+href%3D%22..%2F..%2Fxdc%2Fplatform%2FICpuDataSheet.html%23get.Memory.Map%22+title%3D%22xdc.platform.ICpuDataSheet.getMemoryMap%22%3EICpuDataSheet%3C%2Fa%3E'>
                <synopSpec>
                    <line tab='0' content='%3Cgo%3E%3Cspan+class%3D%22xdoc-kw1%22%3Efunction+%3C%2Fspan%3E%3Cspan+class%3D%22xdoc-id%22%3EgetMemoryMap%3C%2Fspan%3E%3C%2Fgo%3E%28+%3Cgo%3E%3Cspan+class%3D%22xdoc-id%22%3Eregisters%3C%2Fspan%3E%3C%2Fgo%3E+%29%3B'/>
                </synopSpec>
                <docSect name='ARGUMENTS'>
                    <docChild name='registers' summary='a+hash+of+named+registers+to+values+at+the+time%0A%09%09%09++++an+executable+is+to+be+loaded+%28for+example%29'>
                    </docChild>
                </docSect>
                <docSect name='details'>
                    <docPara content='If+a+register+is+not+specified+and+this+register+can+affect+the%0A++memory+map%2C+the+register+is+assumed+to+be+set+to+its+reset%0A++value+%28the+value+of+the+register+immediately+after+a+CPU+reset%29.'/>
                </docSect>
                <docSect name='returns'>
                    <docPara content='Returns+an+array+of%0A++++++++++++++++++++++%3Ctt%3E%3Ca+class%3D%22xdoc-link%22+href%3D%22..%2F..%2Fxdc%2Fplatform%2FIPlatform.html%23.Memory%22+title%3D%22xdc.platform.IPlatform.Memory%22%3Exdc.platform.IPlatform.Memory%3C%2Fa%3E%3C%2Ftt%3E%0A++++++++++++++++++++++objects+that+represent+the+memory+visible+to+an%0A%09%09%09++++executable+running+on+the+CPU.'/>
                </docSect>
            </decl>
            <decl kind='fxn' name='getRegisterSet' anchor='get.Register.Set' altext='ti.catalog.ICpuDataSheet.getRegisterSet' nodoc='0' external='1' overrides='0' readonly='0' instance='1' summary='The+set+of+valid+register+names+for+this+CPU' origin='%3Ca+class%3D%22xdoc-link%22+href%3D%22..%2F..%2Fxdc%2Fplatform%2FICpuDataSheet.html%23get.Register.Set%22+title%3D%22xdc.platform.ICpuDataSheet.getRegisterSet%22%3EICpuDataSheet%3C%2Fa%3E'>
                <synopSpec>
                    <line tab='0' content='%3Cgo%3E%3Cspan+class%3D%22xdoc-kw1%22%3Efunction+%3C%2Fspan%3E%3Cspan+class%3D%22xdoc-id%22%3EgetRegisterSet%3C%2Fspan%3E%3C%2Fgo%3E%28++%29%3B'/>
                </synopSpec>
                <docSect name='details'>
                    <docPara content='This+function+returns+the+complete+set+of+register+names+that+may+be%0A++passed+to+the+%3Ctt%3E%3Ca+class%3D%22xdoc-link%22+href%3D%22ICpuDataSheet.html%23get.Memory.Map%22+title%3D%22getMemoryMap%22%3EgetMemoryMap%28%29%3C%2Fa%3E%3C%2Ftt%3E+function.++This+function+is%0A++only+used+to+enable+one+to+write+a+%22requires+contract%22+for+the%0A++%3Ctt%3E%3Ca+class%3D%22xdoc-link%22+href%3D%22ICpuDataSheet.html%23get.Memory.Map%22+title%3D%22getMemoryMap%22%3EgetMemoryMap%28%29%3C%2Fa%3E%3C%2Ftt%3E+function.'/>
                </docSect>
                <docSect name='returns'>
                    <docPara content='Returns+an+array+of+valid+register+names+%28strings%29+for+%0A%09%09++++this+device%3B+only+names+from+this+array+are+valid+keys+%0A%09%09++++for+the+registers+argument+to+%3Ctt%3E%3Ca+class%3D%22xdoc-link%22+href%3D%22ICpuDataSheet.html%23get.Memory.Map%22+title%3D%22getMemoryMap%22%3EgetMemoryMap%28%29%3C%2Fa%3E%3C%2Ftt%3E.'/>
                </docSect>
            </decl>
        </group>
    </unit>
</package>
