<?xml version="1.0" encoding="UTF-8"?>
<package kind='package' name='ti.sysbios.family.arm.ducati.dm8148' nodoc='0' root='../../../../../../' summary='Contains+dm8148+Hwi+helper+module'>
    <line tab='0' content='%3Cspan+class%3D%22xdoc-kw1%22%3Epackage%3C%2Fspan%3E+%3Cgo%3E%3Cspan+class%3D%22xdoc-id%22%3Eti.sysbios.family.arm.ducati.dm8148%3C%2Fspan%3E%3C%2Fgo%3E+%5B2%2C+0%2C+0%2C+0%5D+%7B'/>
    <line tab='0' content='%7D'/>
    <unit name='IntMux' kind='module' nodoc='0' metaonly='0' summary='IntMux+Module'>
        <synopSpec>
            <line tab='0' content='%3Cspan+class%3D%22xdoc-kw1%22%3Epackage%3C%2Fspan%3E+%3Ca+class%3D%22xdoc-link%22+href%3D%22..%2F..%2F..%2F..%2F..%2F..%2Fti%2Fsysbios%2Ffamily%2Farm%2Fducati%2Fdm8148%2Fpackage.html%22+title%3D%22ti.sysbios.family.arm.ducati.dm8148%22%3Eti.sysbios.family.arm.ducati.dm8148%3C%2Fa%3E%3B'/>
            <line blank='1' always='0'/>
            <line tab='0' content='%3Cspan+class%3D%22xdoc-kw1%22%3Emodule%3C%2Fspan%3E+%3Cgo%3E%3Cspan+class%3D%22xdoc-id%22%3EIntMux%3C%2Fspan%3E%3C%2Fgo%3E+%7B'/>
            <line tab='0' content='%7D'/>
        </synopSpec>
        <specInfo>
            <line tab='0' content='%3Cspan+class%3D%22xdoc-kw1%22%3Emodule%3C%2Fspan%3E+%3Cgo%3E%3Cspan+class%3D%22xdoc-id%22%3EIntMux%3C%2Fspan%3E%3C%2Fgo%3E+%7B%3Cb%3E%26nbsp%3B%26nbsp%3B...%3C%2Fb%3E'/>
            <line tab='0' comment='inherits+%3Ca+class%3D%22xdoc-link%22+href%3D%22..%2F..%2F..%2F..%2F..%2F..%2Fxdc%2Fruntime%2FIModule.html%22+title%3D%22xdc.runtime.IModule%22%3Exdc.runtime.IModule%3C%2Fa%3E'/>
        </specInfo>
        <synopMeta>
            <line tab='0' content='%3Cspan+class%3D%22xdoc-kw1%22%3Evar%3C%2Fspan%3E+IntMux+%3D+%3Cspan+class%3D%22xdoc-kw3%22%3Exdc.useModule%3C%2Fspan%3E%28%3Cspan+class%3D%22xdoc-id%22%3E%27ti.sysbios.family.arm.ducati.dm8148.IntMux%27%3C%2Fspan%3E%29%3B'/>
        </synopMeta>
        <synopTarg>
            <line tab='0' content='%3Cspan+class%3D%22xdoc-kw3%22%3E%23include%3C%2Fspan%3E+%3Cspan+class%3D%22xdoc-id%22%3E%26lt%3Bti%2Fsysbios%2Ffamily%2Farm%2Fducati%2Fdm8148%2FIntMux.h%26gt%3B%3C%2Fspan%3E'/>
        </synopTarg>
        <docSect name='details'>
            <docPara content='Below+is+an+example+of+how+to+override+the+default+mapping+of+%0A++interrupt+42+so+that+it+is+sourced+by+I2CINT2+rather+than+its+%0A++default+mapping+to+I2CINT1%3A'/>
            <docPara content='%3CPRE+class%3D%22Example%22%3E++%23include+%26lt%3Bti%2Fsysbios%2Ffamily%2Farm%2Fm3%2FHwi.h%26gt%3B%0A++%23include+%26lt%3Bti%2Fsysbios%2Ffamily%2Farm%2Fducati%2Fdm8148%2FIntMux.h%26gt%3B%0A++%0A++Void+myI2CINT2Handler%28UArg+arg%29%0A++%7B%0A++++++System_printf%28%22I2CINT2+arg+%3D+%25d%5Cn%22%2C+%28UInt%29arg%29%3B%0A++%7D%0A++%0A++Int+main%28Int+argc%2C+Char*+argv%5B%5D%29%0A++%7B%0A++++++Hwi_Params+params%3B%0A++%0A++++++Hwi_Params_init%28%26amp%3Bparams%29%3B%0A%0A++++++%2F%2F+set+IntMux+19+to+event+number+4+%28I2CINT2%29%0A++++++IntMux_setEvent%2819%2C+4%29%3B%0A++%0A++++++%2F%2F+create+a+corresponding+interrupt+handler%0A++++++%2F%2F+notice+that+Ducati+interrupt+number+42+corresponds+to+IntMux+19%0A%0A++++++params.arg+%3D+42%3B+%2F%2F+pass+the+Int+number+to+the+handler+for+demo+%0A%0A++++++Hwi_create%2842%2C+myI2CINT2Handler%2C+%26amp%3Bparams%2C+NULL%29%3B%0A++%0A++++++BIOS_start%28%29%3B%0A++%0A++++++return+%280%29%3B%0A++%7D%0A%3C%2FPRE%3E'/>
            <docPara content='Here+is+how+you+would+define+the+same+interrupt+handler+statically+%0A++in+a+configuration+script%3A'/>
            <docPara content='%3CPRE+class%3D%22Example%22%3E++var+Hwi+%3D+xdc.useModule%28%27ti.sysbios.family.arm.m3.Hwi%27%29%3B%0A++var+IntMux+%3D+xdc.useModule%28%27ti.sysbios.family.arm.ducati.dm8148.IntMux%27%29%3B%0A++%0A++IntMux.setEventMeta%2819%2C+4%29%3B%0A++%0A++var+hwiParams+%3D+new+Hwi.Params%28%29%3B%0A++hwiParams.arg+%3D+42%3B%0A++Program.global.staticHwi+%3D+Hwi.create%2842%2C+%27%26amp%3BmyI2CINT2Handler%27%2C+hwiParams%29%3B%0A%3C%2FPRE%3E'/>
            <docPara content='%3Ch3%3E+Calling+Context+%3C%2Fh3%3E%0A++%3Ctable+border%3D%221%22+cellpadding%3D%223%22%3E%0A++++%3Ccolgroup+span%3D%221%22%3E%3C%2Fcolgroup%3E+%3Ccolgroup+span%3D%225%22+align%3D%22center%22%3E%3C%2Fcolgroup%3E%0A%0A++++%3Ctr%3E%3Cth%3E+Function+++++++++++++++++%3C%2Fth%3E%3Cth%3E++Hwi+++%3C%2Fth%3E%3Cth%3E++Swi+++%3C%2Fth%3E%3Cth%3E++Task++%3C%2Fth%3E%3Cth%3E++Main++%3C%2Fth%3E%3Cth%3E++Startup++%3C%2Fth%3E%3C%2Ftr%3E%0A++++%3C%21--+++++++++++++++++++++++++++++++++++++++++++++++++++++++++++++++++++++++++++++++++++++++++++++++++++++++++++++++++--%3E%0A++++%3Ctr%3E%3Ctd%3E+%3Ca+class%3D%22xdoc-link%22+href%3D%22IntMux.html%23set.Event%22+title%3D%22setEvent%22%3EsetEvent%3C%2Fa%3E++++%3C%2Ftd%3E%3Ctd%3E+++Y++++%3C%2Ftd%3E%3Ctd%3E+++Y++++%3C%2Ftd%3E%3Ctd%3E+++Y++++%3C%2Ftd%3E%3Ctd%3E+++Y++++%3C%2Ftd%3E%3Ctd%3E+++Y++++%3C%2Ftd%3E%3C%2Ftr%3E%0A++++%3Ctr%3E%3Ctd+colspan%3D%226%22%3E+Definitions%3A+%3Cbr+%2F%3E%0A+++++++%3Cul%3E%0A+++++++++%3Cli%3E+%3Cb%3EHwi%3C%2Fb%3E%3A+API+is+callable+from+a+Hwi+thread.+%3C%2Fli%3E%0A+++++++++%3Cli%3E+%3Cb%3ESwi%3C%2Fb%3E%3A+API+is+callable+from+a+Swi+thread.+%3C%2Fli%3E%0A+++++++++%3Cli%3E+%3Cb%3ETask%3C%2Fb%3E%3A+API+is+callable+from+a+Task+thread.+%3C%2Fli%3E%0A+++++++++%3Cli%3E+%3Cb%3EMain%3C%2Fb%3E%3A+API+is+callable+during+any+of+these+phases%3A+%3C%2Fli%3E%0A+++++++++++%3Cul%3E%0A+++++++++++++%3Cli%3E+In+your+module+startup+after+this+module+is+started+%28e.g.+Mod_Module_startupDone%28%29+returns+TRUE%29.+%3C%2Fli%3E%0A+++++++++++++%3Cli%3E+During+xdc.runtime.Startup.lastFxns.+%3C%2Fli%3E%0A+++++++++++++%3Cli%3E+During+main%28%29.%3C%2Fli%3E%0A+++++++++++++%3Cli%3E+During+BIOS.startupFxns.%3C%2Fli%3E%0A+++++++++++%3C%2Ful%3E%0A+++++++++%3Cli%3E+%3Cb%3EStartup%3C%2Fb%3E%3A+API+is+callable+during+any+of+these+phases%3A%3C%2Fli%3E%0A+++++++++++%3Cul%3E%0A+++++++++++++%3Cli%3E+During+xdc.runtime.Startup.firstFxns.%3C%2Fli%3E%0A+++++++++++++%3Cli%3E+In+your+module+startup+before+this+module+is+started+%28e.g.+Mod_Module_startupDone%28%29+returns+FALSE%29.%3C%2Fli%3E%0A+++++++++++%3C%2Ful%3E%0A+++++++%3C%2Ful%3E%0A++++%3C%2Ftd%3E%3C%2Ftr%3E%0A%0A++%3C%2Ftable%3E'/>
        </docSect>
        <group name='local proxy modules'>
        </group>
        <group name='module-wide constants &amp; types'>
            <decl spacer='1'/>
        </group>
        <group name='module-wide config parameters'>
            <decl spacer='1'/>
            <decl kind='config' name='configNameMap$' anchor='config.Name.Map$' altext='ti.sysbios.family.arm.ducati.dm8148.IntMux.configNameMap$' nodoc='1' external='1' overrides='0' readonly='1' instance='0' summary='' origin='%3Ca+class%3D%22xdoc-link%22+href%3D%22..%2F..%2F..%2F..%2F..%2F..%2Fxdc%2Fruntime%2FIModule.html%23config.Name.Map%24%22+title%3D%22xdc.runtime.IModule.configNameMap%24%22%3EIModule%3C%2Fa%3E' metaonly='1'>
                <synopSpec>
                    <line tab='0' content='%3Cspan+class%3D%22xdoc-kw1%22%3Emetaonly+%3C%2Fspan%3E%3Cspan+class%3D%22xdoc-kw1%22%3Ereadonly+%3C%2Fspan%3E%3Cspan+class%3D%22xdoc-kw1%22%3Econfig%3C%2Fspan%3E+%3Ca+class%3D%22xdoc-link%22+href%3D%22..%2F..%2F..%2F..%2F..%2F..%2Fxdc%2Fruntime%2FTypes.html%23.View.Info%22+title%3D%22xdc.runtime.Types.ViewInfo%22%3ETypes.ViewInfo%3C%2Fa%3E%26nbsp%3B%3Cgo%3E%3Cspan+class%3D%22xdoc-id%22%3EconfigNameMap%24%3C%2Fspan%3E%3C%2Fgo%3E%5B%3Cspan+class%3D%22xdoc-kw1%22%3Estring%3C%2Fspan%3E%5D+%3D+%255B'/>
                    <line tab='1' content='%255B'/>
                    <line tab='2' content='%2522xdc.runtime%252FMemory%2522%252C'/>
                    <line tab='2' content='%257B'/>
                    <line tab='3' content='viewType%253A%2B%2522module%2522%252C'/>
                    <line tab='3' content='fields%253A%2B%255B'/>
                    <line tab='4' content='%2522common%2524.instanceHeap%2522%252C'/>
                    <line tab='4' content='%2522common%2524.instanceSection%2522%252C'/>
                    <line tab='4' content='%2522common%2524.memoryPolicy%2522%252C'/>
                    <line tab='4' content='%2522common%2524.namedModule%2522%252C'/>
                    <line tab='4' content='%2522common%2524.namedInstance%2522%252C'/>
                    <line tab='4' content='%2522common%2524.fxntab%2522%252C'/>
                    <line tab='4' content='%2522common%2524.romPatchTable%2522'/>
                    <line tab='3' content='%255D'/>
                    <line tab='2' content='%257D'/>
                    <line tab='1' content='%255D%252C'/>
                    <line tab='1' content='%255B'/>
                    <line tab='2' content='%2522xdc.runtime%252FDiagnostics%2522%252C'/>
                    <line tab='2' content='%257B'/>
                    <line tab='3' content='viewType%253A%2B%2522module%2522%252C'/>
                    <line tab='3' content='fields%253A%2B%255B'/>
                    <line tab='4' content='%2522common%2524.logger%2522%252C'/>
                    <line tab='4' content='%2522common%2524.diags_ASSERT%2522%252C'/>
                    <line tab='4' content='%2522common%2524.diags_ENTRY%2522%252C'/>
                    <line tab='4' content='%2522common%2524.diags_EXIT%2522%252C'/>
                    <line tab='4' content='%2522common%2524.diags_INTERNAL%2522%252C'/>
                    <line tab='4' content='%2522common%2524.diags_LIFECYCLE%2522%252C'/>
                    <line tab='4' content='%2522common%2524.diags_STATUS%2522%252C'/>
                    <line tab='4' content='%2522common%2524.diags_USER1%2522%252C'/>
                    <line tab='4' content='%2522common%2524.diags_USER2%2522%252C'/>
                    <line tab='4' content='%2522common%2524.diags_USER3%2522%252C'/>
                    <line tab='4' content='%2522common%2524.diags_USER4%2522%252C'/>
                    <line tab='4' content='%2522common%2524.diags_USER5%2522%252C'/>
                    <line tab='4' content='%2522common%2524.diags_USER6%2522%252C'/>
                    <line tab='4' content='%2522common%2524.diags_INFO%2522%252C'/>
                    <line tab='4' content='%2522common%2524.diags_ANALYSIS%2522'/>
                    <line tab='3' content='%255D'/>
                    <line tab='2' content='%257D'/>
                    <line tab='1' content='%255D%252C'/>
                    <line tab='1' content='%255B'/>
                    <line tab='2' content='%2522xdc.runtime%252FConcurrency%2522%252C'/>
                    <line tab='2' content='%257B'/>
                    <line tab='3' content='viewType%253A%2B%2522module%2522%252C'/>
                    <line tab='3' content='fields%253A%2B%255B'/>
                    <line tab='4' content='%2522common%2524.gate%2522%252C'/>
                    <line tab='4' content='%2522common%2524.gateParams%2522'/>
                    <line tab='3' content='%255D'/>
                    <line tab='2' content='%257D'/>
                    <line tab='1' content='%255D%252C'/>
                    <line tab='1' content='%255B'/>
                    <line tab='2' content='%2522xdc.runtime%252FLog%2BEvents%2522%252C'/>
                    <line tab='2' content='%257B'/>
                    <line tab='3' content='viewType%253A%2B%2522module%2522%252C'/>
                    <line tab='3' content='fields%253A%2B%255B'/>
                    <line tab='4' content='%2522Log.Event%2522'/>
                    <line tab='3' content='%255D'/>
                    <line tab='2' content='%257D'/>
                    <line tab='1' content='%255D%252C'/>
                    <line tab='1' content='%255B'/>
                    <line tab='2' content='%2522xdc.runtime%252FLog%2BEvents%2522%252C'/>
                    <line tab='2' content='%257B'/>
                    <line tab='3' content='viewType%253A%2B%2522instance%2522%252C'/>
                    <line tab='3' content='fields%253A%2B%255B'/>
                    <line tab='4' content='%2522Log.Event%2522'/>
                    <line tab='3' content='%255D'/>
                    <line tab='2' content='%257D'/>
                    <line tab='1' content='%255D%252C'/>
                    <line tab='1' content='%255B'/>
                    <line tab='2' content='%2522xdc.runtime%252FAsserts%2522%252C'/>
                    <line tab='2' content='%257B'/>
                    <line tab='3' content='viewType%253A%2B%2522module%2522%252C'/>
                    <line tab='3' content='fields%253A%2B%255B'/>
                    <line tab='4' content='%2522Assert.Id%2522'/>
                    <line tab='3' content='%255D'/>
                    <line tab='2' content='%257D'/>
                    <line tab='1' content='%255D%252C'/>
                    <line tab='1' content='%255B'/>
                    <line tab='2' content='%2522xdc.runtime%252FAsserts%2522%252C'/>
                    <line tab='2' content='%257B'/>
                    <line tab='3' content='viewType%253A%2B%2522instance%2522%252C'/>
                    <line tab='3' content='fields%253A%2B%255B'/>
                    <line tab='4' content='%2522Assert.Id%2522'/>
                    <line tab='3' content='%255D'/>
                    <line tab='2' content='%257D'/>
                    <line tab='1' content='%255D%252C'/>
                    <line tab='1' content='%255B'/>
                    <line tab='2' content='%2522xdc.runtime%252FErrors%2522%252C'/>
                    <line tab='2' content='%257B'/>
                    <line tab='3' content='viewType%253A%2B%2522module%2522%252C'/>
                    <line tab='3' content='fields%253A%2B%255B'/>
                    <line tab='4' content='%2522Error.Id%2522'/>
                    <line tab='3' content='%255D'/>
                    <line tab='2' content='%257D'/>
                    <line tab='1' content='%255D%252C'/>
                    <line tab='1' content='%255B'/>
                    <line tab='2' content='%2522xdc.runtime%252FErrors%2522%252C'/>
                    <line tab='2' content='%257B'/>
                    <line tab='3' content='viewType%253A%2B%2522instance%2522%252C'/>
                    <line tab='3' content='fields%253A%2B%255B'/>
                    <line tab='4' content='%2522Error.Id%2522'/>
                    <line tab='3' content='%255D'/>
                    <line tab='2' content='%257D'/>
                    <line tab='1' content='%255D'/>
                    <line tab='0' content='%255D%3B'/>
                </synopSpec>
                <synopMeta>
                    <line tab='0' content='%3Cspan+class%3D%22xdoc-kw1%22%3Econst%3C%2Fspan%3E+%3Cgo%3EIntMux.%3Cspan+class%3D%22xdoc-id%22%3EconfigNameMap%24%3C%2Fspan%3E%3C%2Fgo%3E+%3D+%3Ci%3E%3Ca+class%3D%22xdoc-link%22+href%3D%22..%2F..%2F..%2F..%2F..%2F..%2Fxdc%2Fruntime%2FTypes.html%23.View.Info%22+title%3D%22xdc.runtime.Types.ViewInfo%22%3ETypes.ViewInfo%3C%2Fa%3E%5B%3Cspan+class%3D%22xdoc-kw1%22%3Estring%3C%2Fspan%3E%5D%3C%2Fi%3E+%255B'/>
                    <line tab='1' content='%255B'/>
                    <line tab='2' content='%2522xdc.runtime%252FMemory%2522%252C'/>
                    <line tab='2' content='%257B'/>
                    <line tab='3' content='viewType%253A%2B%2522module%2522%252C'/>
                    <line tab='3' content='fields%253A%2B%255B'/>
                    <line tab='4' content='%2522common%2524.instanceHeap%2522%252C'/>
                    <line tab='4' content='%2522common%2524.instanceSection%2522%252C'/>
                    <line tab='4' content='%2522common%2524.memoryPolicy%2522%252C'/>
                    <line tab='4' content='%2522common%2524.namedModule%2522%252C'/>
                    <line tab='4' content='%2522common%2524.namedInstance%2522%252C'/>
                    <line tab='4' content='%2522common%2524.fxntab%2522%252C'/>
                    <line tab='4' content='%2522common%2524.romPatchTable%2522'/>
                    <line tab='3' content='%255D'/>
                    <line tab='2' content='%257D'/>
                    <line tab='1' content='%255D%252C'/>
                    <line tab='1' content='%255B'/>
                    <line tab='2' content='%2522xdc.runtime%252FDiagnostics%2522%252C'/>
                    <line tab='2' content='%257B'/>
                    <line tab='3' content='viewType%253A%2B%2522module%2522%252C'/>
                    <line tab='3' content='fields%253A%2B%255B'/>
                    <line tab='4' content='%2522common%2524.logger%2522%252C'/>
                    <line tab='4' content='%2522common%2524.diags_ASSERT%2522%252C'/>
                    <line tab='4' content='%2522common%2524.diags_ENTRY%2522%252C'/>
                    <line tab='4' content='%2522common%2524.diags_EXIT%2522%252C'/>
                    <line tab='4' content='%2522common%2524.diags_INTERNAL%2522%252C'/>
                    <line tab='4' content='%2522common%2524.diags_LIFECYCLE%2522%252C'/>
                    <line tab='4' content='%2522common%2524.diags_STATUS%2522%252C'/>
                    <line tab='4' content='%2522common%2524.diags_USER1%2522%252C'/>
                    <line tab='4' content='%2522common%2524.diags_USER2%2522%252C'/>
                    <line tab='4' content='%2522common%2524.diags_USER3%2522%252C'/>
                    <line tab='4' content='%2522common%2524.diags_USER4%2522%252C'/>
                    <line tab='4' content='%2522common%2524.diags_USER5%2522%252C'/>
                    <line tab='4' content='%2522common%2524.diags_USER6%2522%252C'/>
                    <line tab='4' content='%2522common%2524.diags_INFO%2522%252C'/>
                    <line tab='4' content='%2522common%2524.diags_ANALYSIS%2522'/>
                    <line tab='3' content='%255D'/>
                    <line tab='2' content='%257D'/>
                    <line tab='1' content='%255D%252C'/>
                    <line tab='1' content='%255B'/>
                    <line tab='2' content='%2522xdc.runtime%252FConcurrency%2522%252C'/>
                    <line tab='2' content='%257B'/>
                    <line tab='3' content='viewType%253A%2B%2522module%2522%252C'/>
                    <line tab='3' content='fields%253A%2B%255B'/>
                    <line tab='4' content='%2522common%2524.gate%2522%252C'/>
                    <line tab='4' content='%2522common%2524.gateParams%2522'/>
                    <line tab='3' content='%255D'/>
                    <line tab='2' content='%257D'/>
                    <line tab='1' content='%255D%252C'/>
                    <line tab='1' content='%255B'/>
                    <line tab='2' content='%2522xdc.runtime%252FLog%2BEvents%2522%252C'/>
                    <line tab='2' content='%257B'/>
                    <line tab='3' content='viewType%253A%2B%2522module%2522%252C'/>
                    <line tab='3' content='fields%253A%2B%255B'/>
                    <line tab='4' content='%2522Log.Event%2522'/>
                    <line tab='3' content='%255D'/>
                    <line tab='2' content='%257D'/>
                    <line tab='1' content='%255D%252C'/>
                    <line tab='1' content='%255B'/>
                    <line tab='2' content='%2522xdc.runtime%252FLog%2BEvents%2522%252C'/>
                    <line tab='2' content='%257B'/>
                    <line tab='3' content='viewType%253A%2B%2522instance%2522%252C'/>
                    <line tab='3' content='fields%253A%2B%255B'/>
                    <line tab='4' content='%2522Log.Event%2522'/>
                    <line tab='3' content='%255D'/>
                    <line tab='2' content='%257D'/>
                    <line tab='1' content='%255D%252C'/>
                    <line tab='1' content='%255B'/>
                    <line tab='2' content='%2522xdc.runtime%252FAsserts%2522%252C'/>
                    <line tab='2' content='%257B'/>
                    <line tab='3' content='viewType%253A%2B%2522module%2522%252C'/>
                    <line tab='3' content='fields%253A%2B%255B'/>
                    <line tab='4' content='%2522Assert.Id%2522'/>
                    <line tab='3' content='%255D'/>
                    <line tab='2' content='%257D'/>
                    <line tab='1' content='%255D%252C'/>
                    <line tab='1' content='%255B'/>
                    <line tab='2' content='%2522xdc.runtime%252FAsserts%2522%252C'/>
                    <line tab='2' content='%257B'/>
                    <line tab='3' content='viewType%253A%2B%2522instance%2522%252C'/>
                    <line tab='3' content='fields%253A%2B%255B'/>
                    <line tab='4' content='%2522Assert.Id%2522'/>
                    <line tab='3' content='%255D'/>
                    <line tab='2' content='%257D'/>
                    <line tab='1' content='%255D%252C'/>
                    <line tab='1' content='%255B'/>
                    <line tab='2' content='%2522xdc.runtime%252FErrors%2522%252C'/>
                    <line tab='2' content='%257B'/>
                    <line tab='3' content='viewType%253A%2B%2522module%2522%252C'/>
                    <line tab='3' content='fields%253A%2B%255B'/>
                    <line tab='4' content='%2522Error.Id%2522'/>
                    <line tab='3' content='%255D'/>
                    <line tab='2' content='%257D'/>
                    <line tab='1' content='%255D%252C'/>
                    <line tab='1' content='%255B'/>
                    <line tab='2' content='%2522xdc.runtime%252FErrors%2522%252C'/>
                    <line tab='2' content='%257B'/>
                    <line tab='3' content='viewType%253A%2B%2522instance%2522%252C'/>
                    <line tab='3' content='fields%253A%2B%255B'/>
                    <line tab='4' content='%2522Error.Id%2522'/>
                    <line tab='3' content='%255D'/>
                    <line tab='2' content='%257D'/>
                    <line tab='1' content='%255D'/>
                    <line tab='0' content='%255D%3B'/>
                </synopMeta>
            </decl>
            <decl spacer='1'/>
            <decl kind='config' name='A_badEventNum' anchor='.A_bad.Event.Num' altext='ti.sysbios.family.arm.ducati.dm8148.IntMux.A_badEventNum' nodoc='0' external='1' overrides='0' readonly='0' instance='0' summary='Assert+if+event+number+%26gt%3B+47'>
                <synopSpec>
                    <line tab='0' content='%3Cspan+class%3D%22xdoc-kw1%22%3Econfig%3C%2Fspan%3E+%3Ca+class%3D%22xdoc-link%22+href%3D%22..%2F..%2F..%2F..%2F..%2F..%2Fxdc%2Fruntime%2FAssert.html%23.Id%22+title%3D%22xdc.runtime.Assert.Id%22%3EAssert.Id%3C%2Fa%3E%26nbsp%3B%3Cgo%3E%3Cspan+class%3D%22xdoc-id%22%3EA_badEventNum%3C%2Fspan%3E%3C%2Fgo%3E+%3D+%257B'/>
                    <line tab='1' content='msg%253A%2B%2522A_badIntNum%253A%2BeventNum%2Bmust%2Bbe%2B%2526lt%253B%253D%2B47%2522'/>
                    <line tab='0' content='%257D%3B'/>
                </synopSpec>
                <synopMeta>
                    <line tab='0' content='%3Cgo%3EIntMux.%3Cspan+class%3D%22xdoc-id%22%3EA_badEventNum%3C%2Fspan%3E%3C%2Fgo%3E+%3D+%3Ci%3E%3Ca+class%3D%22xdoc-link%22+href%3D%22..%2F..%2F..%2F..%2F..%2F..%2Fxdc%2Fruntime%2FAssert.html%23.Desc%22+title%3D%22xdc.runtime.Assert.Desc%22%3EAssert.Desc%3C%2Fa%3E%3C%2Fi%3E+%257B'/>
                    <line tab='1' content='msg%253A%2B%2522A_badIntNum%253A%2BeventNum%2Bmust%2Bbe%2B%2526lt%253B%253D%2B47%2522'/>
                    <line tab='0' content='%257D%3B'/>
                </synopMeta>
                <synopTarg>
                    <line tab='0' content='%3Cspan+class%3D%22xdoc-kw1%22%3Eextern+const%3C%2Fspan%3E+%3Ca+class%3D%22xdoc-link%22+href%3D%22..%2F..%2F..%2F..%2F..%2F..%2Fxdc%2Fruntime%2FAssert.html%23.Id%22+title%3D%22xdc.runtime.Assert.Id%22%3EAssert_Id%3C%2Fa%3E%26nbsp%3B%3Cgo%3E%3Cspan+class%3D%22xdoc-id%22%3EIntMux_A_badEventNum%3C%2Fspan%3E%3C%2Fgo%3E%3B'/>
                </synopTarg>
            </decl>
            <decl kind='config' name='A_badIntNum' anchor='.A_bad.Int.Num' altext='ti.sysbios.family.arm.ducati.dm8148.IntMux.A_badIntNum' nodoc='0' external='1' overrides='0' readonly='0' instance='0' summary='Assert+if+interrupt+number+%26gt%3B+56'>
                <synopSpec>
                    <line tab='0' content='%3Cspan+class%3D%22xdoc-kw1%22%3Econfig%3C%2Fspan%3E+%3Ca+class%3D%22xdoc-link%22+href%3D%22..%2F..%2F..%2F..%2F..%2F..%2Fxdc%2Fruntime%2FAssert.html%23.Id%22+title%3D%22xdc.runtime.Assert.Id%22%3EAssert.Id%3C%2Fa%3E%26nbsp%3B%3Cgo%3E%3Cspan+class%3D%22xdoc-id%22%3EA_badIntNum%3C%2Fspan%3E%3C%2Fgo%3E+%3D+%257B'/>
                    <line tab='1' content='msg%253A%2B%2522A_badIntNum%253A%2BintNum%2Bmust%2Bbe%2B%2526lt%253B%253D%2B56%2522'/>
                    <line tab='0' content='%257D%3B'/>
                </synopSpec>
                <synopMeta>
                    <line tab='0' content='%3Cgo%3EIntMux.%3Cspan+class%3D%22xdoc-id%22%3EA_badIntNum%3C%2Fspan%3E%3C%2Fgo%3E+%3D+%3Ci%3E%3Ca+class%3D%22xdoc-link%22+href%3D%22..%2F..%2F..%2F..%2F..%2F..%2Fxdc%2Fruntime%2FAssert.html%23.Desc%22+title%3D%22xdc.runtime.Assert.Desc%22%3EAssert.Desc%3C%2Fa%3E%3C%2Fi%3E+%257B'/>
                    <line tab='1' content='msg%253A%2B%2522A_badIntNum%253A%2BintNum%2Bmust%2Bbe%2B%2526lt%253B%253D%2B56%2522'/>
                    <line tab='0' content='%257D%3B'/>
                </synopMeta>
                <synopTarg>
                    <line tab='0' content='%3Cspan+class%3D%22xdoc-kw1%22%3Eextern+const%3C%2Fspan%3E+%3Ca+class%3D%22xdoc-link%22+href%3D%22..%2F..%2F..%2F..%2F..%2F..%2Fxdc%2Fruntime%2FAssert.html%23.Id%22+title%3D%22xdc.runtime.Assert.Id%22%3EAssert_Id%3C%2Fa%3E%26nbsp%3B%3Cgo%3E%3Cspan+class%3D%22xdoc-id%22%3EIntMux_A_badIntNum%3C%2Fspan%3E%3C%2Fgo%3E%3B'/>
                </synopTarg>
            </decl>
            <decl kind='config' name='intMux' anchor='int.Mux' altext='ti.sysbios.family.arm.ducati.dm8148.IntMux.intMux' nodoc='0' external='0' overrides='0' readonly='0' instance='0' summary=''>
                <synopSpec>
                    <line tab='0' content='%3Cspan+class%3D%22xdoc-kw1%22%3Econfig%3C%2Fspan%3E+%3Cspan+class%3D%22xdoc-kw2%22%3EUInt8%3C%2Fspan%3E%26nbsp%3B%3Cgo%3E%3Cspan+class%3D%22xdoc-id%22%3EintMux%3C%2Fspan%3E%3C%2Fgo%3E%5B57%5D%3B'/>
                </synopSpec>
                <synopMeta>
                    <line tab='0' content='%3Cgo%3EIntMux.%3Cspan+class%3D%22xdoc-id%22%3EintMux%3C%2Fspan%3E%3C%2Fgo%3E+%3D+%3Ci%3E%3Cspan+class%3D%22xdoc-kw2%22%3EUInt8%3C%2Fspan%3E%5B57%5D%3C%2Fi%3E+%3Cspan+class%3D%22xdoc-kw2%22%3Eundefined%3C%2Fspan%3E%3B'/>
                </synopMeta>
                <synopTarg>
                    <line tab='0' content='%3Cspan+class%3D%22xdoc-kw1%22%3Eextern+const%3C%2Fspan%3E+%3Cspan+class%3D%22xdoc-kw2%22%3EUInt8%3C%2Fspan%3E%26nbsp%3B%3Cgo%3E%3Cspan+class%3D%22xdoc-id%22%3EIntMux_intMux%3C%2Fspan%3E%3C%2Fgo%3E%5B57%5D%3B'/>
                </synopTarg>
            </decl>
            <decl kind='config' name='intMuxBaseAddr' anchor='int.Mux.Base.Addr' altext='ti.sysbios.family.arm.ducati.dm8148.IntMux.intMuxBaseAddr' nodoc='0' external='1' overrides='0' readonly='0' instance='0' summary='Address+of+%22DUCATI_INTMUX_0_3%22+register'>
                <synopSpec>
                    <line tab='0' content='%3Cspan+class%3D%22xdoc-kw1%22%3Econfig%3C%2Fspan%3E+%3Cspan+class%3D%22xdoc-kw2%22%3EPtr%3C%2Fspan%3E%26nbsp%3B%3Cgo%3E%3Cspan+class%3D%22xdoc-id%22%3EintMuxBaseAddr%3C%2Fspan%3E%3C%2Fgo%3E+%3D+0x48140F54%3B'/>
                </synopSpec>
                <synopMeta>
                    <line tab='0' content='%3Cgo%3EIntMux.%3Cspan+class%3D%22xdoc-id%22%3EintMuxBaseAddr%3C%2Fspan%3E%3C%2Fgo%3E+%3D+%3Ci%3E%3Cspan+class%3D%22xdoc-kw2%22%3EPtr%3C%2Fspan%3E%3C%2Fi%3E+0x48140F54%3B'/>
                </synopMeta>
                <synopTarg>
                    <line tab='0' content='%3Cspan+class%3D%22xdoc-kw1%22%3Eextern+const%3C%2Fspan%3E+%3Cspan+class%3D%22xdoc-kw2%22%3EPtr%3C%2Fspan%3E%26nbsp%3B%3Cgo%3E%3Cspan+class%3D%22xdoc-id%22%3EIntMux_intMuxBaseAddr%3C%2Fspan%3E%3C%2Fgo%3E%3B'/>
                </synopTarg>
            </decl>
            <decl spacer='1'/>
            <decl kind='config' name='common$' anchor='common$' altext='ti.sysbios.family.arm.ducati.dm8148.IntMux.common$' nodoc='0' external='1' overrides='0' readonly='0' instance='0' summary='Common+module+configuration+parameters' origin='%3Ca+class%3D%22xdoc-link%22+href%3D%22..%2F..%2F..%2F..%2F..%2F..%2Fxdc%2Fruntime%2FIModule.html%23common%24%22+title%3D%22xdc.runtime.IModule.common%24%22%3EIModule%3C%2Fa%3E' metaonly='1'>
                <synopSpec>
                    <line tab='0' content='%3Cspan+class%3D%22xdoc-kw1%22%3Emetaonly+%3C%2Fspan%3E%3Cspan+class%3D%22xdoc-kw1%22%3Econfig%3C%2Fspan%3E+%3Ca+class%3D%22xdoc-link%22+href%3D%22..%2F..%2F..%2F..%2F..%2F..%2Fxdc%2Fruntime%2FTypes.html%23.Common%24%22+title%3D%22xdc.runtime.Types.Common%24%22%3ETypes.Common%24%3C%2Fa%3E%26nbsp%3B%3Cgo%3E%3Cspan+class%3D%22xdoc-id%22%3Ecommon%24%3C%2Fspan%3E%3C%2Fgo%3E%3B'/>
                </synopSpec>
                <synopMeta>
                    <line tab='0' content='%3Cgo%3EIntMux.%3Cspan+class%3D%22xdoc-id%22%3Ecommon%24%3C%2Fspan%3E%3C%2Fgo%3E+%3D+%3Ci%3E%3Ca+class%3D%22xdoc-link%22+href%3D%22..%2F..%2F..%2F..%2F..%2F..%2Fxdc%2Fruntime%2FTypes.html%23.Common%24%22+title%3D%22xdc.runtime.Types.Common%24%22%3ETypes.Common%24%3C%2Fa%3E%3C%2Fi%3E+%3Cspan+class%3D%22xdoc-kw2%22%3Eundefined%3C%2Fspan%3E%3B'/>
                </synopMeta>
                <docSect name='details'>
                    <docPara content='All+modules+have+this+configuration+parameter.++Its+name%0A++contains+the+%27%24%27+character+to+ensure+it+does+not+conflict+with%0A++configuration+parameters+declared+by+the+module.++This+allows%0A++new+configuration+parameters+to+be+added+in+the+future+without%0A++any+chance+of+breaking+existing+modules.'/>
                </docSect>
            </decl>
            <decl kind='config' name='rovShowRawTab$' anchor='rov.Show.Raw.Tab$' altext='ti.sysbios.family.arm.ducati.dm8148.IntMux.rovShowRawTab$' nodoc='1' external='1' overrides='0' readonly='0' instance='0' summary='' origin='%3Ca+class%3D%22xdoc-link%22+href%3D%22..%2F..%2F..%2F..%2F..%2F..%2Fxdc%2Fruntime%2FIModule.html%23rov.Show.Raw.Tab%24%22+title%3D%22xdc.runtime.IModule.rovShowRawTab%24%22%3EIModule%3C%2Fa%3E' metaonly='1'>
                <synopSpec>
                    <line tab='0' content='%3Cspan+class%3D%22xdoc-kw1%22%3Emetaonly+%3C%2Fspan%3E%3Cspan+class%3D%22xdoc-kw1%22%3Econfig%3C%2Fspan%3E+%3Cspan+class%3D%22xdoc-kw2%22%3EBool%3C%2Fspan%3E%26nbsp%3B%3Cgo%3E%3Cspan+class%3D%22xdoc-id%22%3ErovShowRawTab%24%3C%2Fspan%3E%3C%2Fgo%3E+%3D+%253Cspan%2Bclass%253D%2522xdoc-kw2%2522%253Etrue%253C%252Fspan%253E%3B'/>
                </synopSpec>
                <synopMeta>
                    <line tab='0' content='%3Cgo%3EIntMux.%3Cspan+class%3D%22xdoc-id%22%3ErovShowRawTab%24%3C%2Fspan%3E%3C%2Fgo%3E+%3D+%3Ci%3E%3Cspan+class%3D%22xdoc-kw2%22%3EBool%3C%2Fspan%3E%3C%2Fi%3E+%253Cspan%2Bclass%253D%2522xdoc-kw2%2522%253Etrue%253C%252Fspan%253E%3B'/>
                </synopMeta>
            </decl>
            <decl kind='config' name='viewNameMap$' anchor='view.Name.Map$' altext='ti.sysbios.family.arm.ducati.dm8148.IntMux.viewNameMap$' nodoc='1' external='1' overrides='0' readonly='0' instance='0' summary='Specifies+the+ROV+views+for+the+module' origin='%3Ca+class%3D%22xdoc-link%22+href%3D%22..%2F..%2F..%2F..%2F..%2F..%2Fxdc%2Fruntime%2FIModule.html%23view.Name.Map%24%22+title%3D%22xdc.runtime.IModule.viewNameMap%24%22%3EIModule%3C%2Fa%3E' metaonly='1'>
                <synopSpec>
                    <line tab='0' content='%3Cspan+class%3D%22xdoc-kw1%22%3Emetaonly+%3C%2Fspan%3E%3Cspan+class%3D%22xdoc-kw1%22%3Econfig%3C%2Fspan%3E+%3Ca+class%3D%22xdoc-link%22+href%3D%22..%2F..%2F..%2F..%2F..%2F..%2Fxdc%2Fruntime%2FTypes.html%23.View.Info%22+title%3D%22xdc.runtime.Types.ViewInfo%22%3ETypes.ViewInfo%3C%2Fa%3E%26nbsp%3B%3Cgo%3E%3Cspan+class%3D%22xdoc-id%22%3EviewNameMap%24%3C%2Fspan%3E%3C%2Fgo%3E%5B%3Cspan+class%3D%22xdoc-kw1%22%3Estring%3C%2Fspan%3E%5D%3B'/>
                </synopSpec>
                <synopMeta>
                    <line tab='0' content='%3Cgo%3EIntMux.%3Cspan+class%3D%22xdoc-id%22%3EviewNameMap%24%3C%2Fspan%3E%3C%2Fgo%3E+%3D+%3Ci%3E%3Ca+class%3D%22xdoc-link%22+href%3D%22..%2F..%2F..%2F..%2F..%2F..%2Fxdc%2Fruntime%2FTypes.html%23.View.Info%22+title%3D%22xdc.runtime.Types.ViewInfo%22%3ETypes.ViewInfo%3C%2Fa%3E%5B%3Cspan+class%3D%22xdoc-kw1%22%3Estring%3C%2Fspan%3E%5D%3C%2Fi%3E+%3Cspan+class%3D%22xdoc-kw2%22%3Eundefined%3C%2Fspan%3E%3B'/>
                </synopMeta>
            </decl>
        </group>
        <group name='module-wide data'>
        </group>
        <group name='module-wide functions'>
            <decl kind='fxn' name='setEvent' anchor='set.Event' altext='ti.sysbios.family.arm.ducati.dm8148.IntMux.setEvent' nodoc='0' external='1' overrides='0' readonly='0' instance='0' summary='Set+the+event+number+associated+with+an+interrupt'>
                <synopSpec>
                    <line tab='0' content='%3Cspan+class%3D%22xdoc-kw2%22%3EVoid%3C%2Fspan%3E%26nbsp%3B%3Cgo%3E%3Cspan+class%3D%22xdoc-id%22%3EsetEvent%3C%2Fspan%3E%3C%2Fgo%3E%28+%3Cspan+class%3D%22xdoc-kw2%22%3EUInt%3C%2Fspan%3E%26nbsp%3B%3Cgo%3E%3Cspan+class%3D%22xdoc-id%22%3EintMuxNum%3C%2Fspan%3E%3C%2Fgo%3E%2C+%3Cspan+class%3D%22xdoc-kw2%22%3EUInt%3C%2Fspan%3E%26nbsp%3B%3Cgo%3E%3Cspan+class%3D%22xdoc-id%22%3EeventNum%3C%2Fspan%3E%3C%2Fgo%3E+%29%3B'/>
                </synopSpec>
                <synopTarg>
                    <line tab='0' content='%3Cspan+class%3D%22xdoc-kw2%22%3EVoid%3C%2Fspan%3E%26nbsp%3B%3Cgo%3E%3Cspan+class%3D%22xdoc-id%22%3EIntMux_setEvent%3C%2Fspan%3E%3C%2Fgo%3E%28+%3Cspan+class%3D%22xdoc-kw2%22%3EUInt%3C%2Fspan%3E%26nbsp%3B%3Cgo%3E%3Cspan+class%3D%22xdoc-id%22%3EintMuxNum%3C%2Fspan%3E%3C%2Fgo%3E%2C+%3Cspan+class%3D%22xdoc-kw2%22%3EUInt%3C%2Fspan%3E%26nbsp%3B%3Cgo%3E%3Cspan+class%3D%22xdoc-id%22%3EeventNum%3C%2Fspan%3E%3C%2Fgo%3E+%29%3B'/>
                </synopTarg>
                <docSect name='ARGUMENTS'>
                    <docChild name='intNum' summary='The+intMux+number+%280-56%29'>
                    </docChild>
                    <docChild name='eventNum' summary='The+event+number+%280-47%29'>
                    </docChild>
                </docSect>
                <docSect name='details'>
                    <docPara content='Dynamically+sets+the+event+number+associated+with+%0A++an+interrupt+in+the+Ducati+Interrupt+Mux+as+described%0A++in+section+5.9.2+of+the+Centaurus+Architecture+Spec.'/>
                </docSect>
            </decl>
            <decl spacer='1'/>
            <decl kind='fxn' name='setEventMeta' anchor='set.Event.Meta' altext='ti.sysbios.family.arm.ducati.dm8148.IntMux.setEventMeta' nodoc='0' external='1' overrides='0' readonly='0' instance='0' summary='Set+the+event+number+associated+with+an+interrupt' metaonly='1'>
                <synopSpec>
                    <line tab='0' content='%3Cspan+class%3D%22xdoc-kw1%22%3Emetaonly+%3C%2Fspan%3E%3Cspan+class%3D%22xdoc-kw2%22%3EVoid%3C%2Fspan%3E%26nbsp%3B%3Cgo%3E%3Cspan+class%3D%22xdoc-id%22%3EsetEventMeta%3C%2Fspan%3E%3C%2Fgo%3E%28+%3Cspan+class%3D%22xdoc-kw2%22%3EUInt%3C%2Fspan%3E%26nbsp%3B%3Cgo%3E%3Cspan+class%3D%22xdoc-id%22%3EintMuxNum%3C%2Fspan%3E%3C%2Fgo%3E%2C+%3Cspan+class%3D%22xdoc-kw2%22%3EUInt%3C%2Fspan%3E%26nbsp%3B%3Cgo%3E%3Cspan+class%3D%22xdoc-id%22%3EeventNum%3C%2Fspan%3E%3C%2Fgo%3E+%29%3B'/>
                </synopSpec>
                <synopMeta>
                    <line tab='0' content='%3Cgo%3EIntMux.%3Cspan+class%3D%22xdoc-id%22%3EsetEventMeta%3C%2Fspan%3E%3C%2Fgo%3E%28+%3Ci%3E%3Cspan+class%3D%22xdoc-kw2%22%3EUInt%3C%2Fspan%3E%3C%2Fi%3E+%3Cgo%3E%3Cspan+class%3D%22xdoc-id%22%3EintMuxNum%3C%2Fspan%3E%3C%2Fgo%3E%2C+%3Ci%3E%3Cspan+class%3D%22xdoc-kw2%22%3EUInt%3C%2Fspan%3E%3C%2Fi%3E+%3Cgo%3E%3Cspan+class%3D%22xdoc-id%22%3EeventNum%3C%2Fspan%3E%3C%2Fgo%3E+%29+%3Ci%3Ereturns%3C%2Fi%3E+%3Ci%3E%3Cspan+class%3D%22xdoc-kw2%22%3EVoid%3C%2Fspan%3E%3C%2Fi%3E'/>
                </synopMeta>
                <docSect name='ARGUMENTS'>
                    <docChild name='intNum' summary='The+intMux+number+%280-56%29'>
                    </docChild>
                    <docChild name='eventNum' summary='The+event+number+%280-47%29'>
                    </docChild>
                </docSect>
                <docSect name='details'>
                    <docPara content='Statically+sets+the+event+number+associated+with+%0A++an+interrupt+in+the+Ducati+Interrupt+Mux+as+described%0A++in+section+5.9.2+of+the+Centaurus+Architecture+Spec.'/>
                </docSect>
            </decl>
        </group>
        <group name='module-wide built-ins'>
            <synopTarg>
                <line tab='0' comment='Get+this+module%27s+unique+id' content='%3Ca+class%3D%22xdoc-link%22+href%3D%22..%2F..%2F..%2F..%2F..%2F..%2Fxdc%2Fruntime%2FTypes.html%23.Module.Id%22+title%3D%22xdc.runtime.Types.ModuleId%22%3ETypes_ModuleId%3C%2Fa%3E+%3Cgo%3E%3Cspan+class%3D%22xdoc-id%22%3EIntMux_Module_id%3C%2Fspan%3E%3C%2Fgo%3E%28+%29%3B'/>
                <line blank='1' always='0'/>
                <line tab='0' comment='Test+if+this+module+has+completed+startup' content='%3Cspan+class%3D%22xdoc-kw2%22%3EBool%3C%2Fspan%3E+%3Cgo%3E%3Cspan+class%3D%22xdoc-id%22%3EIntMux_Module_startupDone%3C%2Fspan%3E%3C%2Fgo%3E%28+%29%3B'/>
                <line blank='1' always='0'/>
                <line tab='0' comment='The+heap+from+which+this+module+allocates+memory' content='%3Ca+class%3D%22xdoc-link%22+href%3D%22..%2F..%2F..%2F..%2F..%2F..%2Fxdc%2Fruntime%2FIHeap.html%23per-instance_object_types%22+title%3D%22xdc.runtime.IHeap.Handle%22%3EIHeap_Handle%3C%2Fa%3E+%3Cgo%3E%3Cspan+class%3D%22xdoc-id%22%3EIntMux_Module_heap%3C%2Fspan%3E%3C%2Fgo%3E%28+%29%3B'/>
                <line blank='1' always='0'/>
                <line tab='0' comment='Test+whether+this+module+has+a+diagnostics+mask' content='%3Cspan+class%3D%22xdoc-kw2%22%3EBool%3C%2Fspan%3E+%3Cgo%3E%3Cspan+class%3D%22xdoc-id%22%3EIntMux_Module_hasMask%3C%2Fspan%3E%3C%2Fgo%3E%28+%29%3B'/>
                <line blank='1' always='0'/>
                <line tab='0' comment='Returns+the+diagnostics+mask+for+this+module' content='%3Cspan+class%3D%22xdoc-kw2%22%3EBits16%3C%2Fspan%3E+%3Cgo%3E%3Cspan+class%3D%22xdoc-id%22%3EIntMux_Module_getMask%3C%2Fspan%3E%3C%2Fgo%3E%28+%29%3B'/>
                <line blank='1' always='0'/>
                <line tab='0' comment='Set+the+diagnostics+mask+for+this+module' content='%3Cspan+class%3D%22xdoc-kw2%22%3EVoid%3C%2Fspan%3E+%3Cgo%3E%3Cspan+class%3D%22xdoc-id%22%3EIntMux_Module_setMask%3C%2Fspan%3E%3C%2Fgo%3E%28+%3Cspan+class%3D%22xdoc-kw2%22%3EBits16%3C%2Fspan%3E+%3Cspan+class%3D%22xdoc-id%22%3Emask%3C%2Fspan%3E+%29%3B'/>
            </synopTarg>
        </group>
    </unit>
</package>
