<?xml version="1.0" encoding="UTF-8"?>
<package kind='package' name='ti.catalog.arm.cortexm4.tiva.l' nodoc='0' root='../../../../../../' summary='Tiva+Low+power+Embedded+device+boot+time+initialization+support'>
    <line tab='0' content='%3Cspan+class%3D%22xdoc-kw1%22%3Epackage%3C%2Fspan%3E+%3Cgo%3E%3Cspan+class%3D%22xdoc-id%22%3Eti.catalog.arm.cortexm4.tiva.l%3C%2Fspan%3E%3C%2Fgo%3E+%5B1%2C+0%2C+0%5D+%7B'/>
    <line tab='0' content='%7D'/>
    <unit name='Boot' kind='module' nodoc='0' metaonly='0' summary='Tiva+Low+power+Embedded+device+Boot+Support'>
        <synopSpec>
            <line tab='0' content='%3Cspan+class%3D%22xdoc-kw1%22%3Epackage%3C%2Fspan%3E+%3Ca+class%3D%22xdoc-link%22+href%3D%22..%2F..%2F..%2F..%2F..%2F..%2Fti%2Fcatalog%2Farm%2Fcortexm4%2Ftiva%2Fl%2Fpackage.html%22+title%3D%22ti.catalog.arm.cortexm4.tiva.l%22%3Eti.catalog.arm.cortexm4.tiva.l%3C%2Fa%3E%3B'/>
            <line blank='1' always='0'/>
            <line tab='0' content='%3Cspan+class%3D%22xdoc-kw1%22%3Emodule%3C%2Fspan%3E+%3Cgo%3E%3Cspan+class%3D%22xdoc-id%22%3EBoot%3C%2Fspan%3E%3C%2Fgo%3E+%7B'/>
            <line tab='0' content='%7D'/>
        </synopSpec>
        <specInfo>
            <line tab='0' content='%3Cspan+class%3D%22xdoc-kw1%22%3Emodule%3C%2Fspan%3E+%3Cgo%3E%3Cspan+class%3D%22xdoc-id%22%3EBoot%3C%2Fspan%3E%3C%2Fgo%3E+%7B%3Cb%3E%26nbsp%3B%26nbsp%3B...%3C%2Fb%3E'/>
            <line tab='0' comment='inherits+%3Ca+class%3D%22xdoc-link%22+href%3D%22..%2F..%2F..%2F..%2F..%2F..%2Fxdc%2Fruntime%2FIModule.html%22+title%3D%22xdc.runtime.IModule%22%3Exdc.runtime.IModule%3C%2Fa%3E'/>
        </specInfo>
        <synopMeta>
            <line tab='0' content='%3Cspan+class%3D%22xdoc-kw1%22%3Evar%3C%2Fspan%3E+Boot+%3D+%3Cspan+class%3D%22xdoc-kw3%22%3Exdc.useModule%3C%2Fspan%3E%28%3Cspan+class%3D%22xdoc-id%22%3E%27ti.catalog.arm.cortexm4.tiva.l.Boot%27%3C%2Fspan%3E%29%3B'/>
        </synopMeta>
        <synopTarg>
            <line tab='0' content='%3Cspan+class%3D%22xdoc-kw3%22%3E%23include%3C%2Fspan%3E+%3Cspan+class%3D%22xdoc-id%22%3E%26lt%3Bti%2Fcatalog%2Farm%2Fcortexm4%2Ftiva%2Fl%2FBoot.h%26gt%3B%3C%2Fspan%3E'/>
        </synopTarg>
        <docSect name='details'>
            <docPara content='The+Boot+module+supports+boot+initialization+for+the+Tiva+low+power+devices.%0A++A+special+boot+init+function+is+created+based+on+the+configuration%0A++settings+for+this+module.++This+function+is+hooked+into+the%0A++xdc.runtime.Startup.firstFxns%5B%5D+array+and+called+very+early+at+boot+time.'/>
            <docPara content='The+code+to+support+the+boot+module+is+placed+in+a+separate+section%0A++named+%3Ctt%3E%22.text%3A.bootCodeSection%22%3C%2Ftt%3E+to+allow+placement+of+this+section+in%0A++the+linker+.cmd+file+if+necessary.+This+section+is+a+subsection+of+the%0A++%3Ctt%3E%22.text%22%3C%2Ftt%3E+section+so+this+code+will+be+placed+into+the+.text+section+unless%0A++explicitly+placed%2C+either+through%0A++%3Ctt%3E%3Ca+class%3D%22xdoc-link%22+href%3D%22..%2F..%2F..%2F..%2F..%2F..%2Fxdc%2Fcfg%2FProgram.html%23sect.Map%22+title%3D%22xdc.cfg.Program.sectMap%22%3EProgram.sectMap%3C%2Fa%3E%3C%2Ftt%3E+or+through+a+linker%0A++command+file.'/>
        </docSect>
        <group name='local proxy modules'>
        </group>
        <group name='module-wide constants &amp; types'>
            <decl spacer='1'/>
            <decl spacer='1'/>
            <decl kind='struct' name='ModuleView' anchor='.Module.View' altext='ti.catalog.arm.cortexm4.tiva.l.Boot.ModuleView' nodoc='0' external='1' overrides='0' readonly='0' instance='0' summary='' metaonly='1'>
                <synopSpec>
                    <line tab='0' content='%3Cspan+class%3D%22xdoc-kw1%22%3Emetaonly+%3C%2Fspan%3E%3Cspan+class%3D%22xdoc-kw1%22%3Estruct%3C%2Fspan%3E+%3Cgo%3E%3Cspan+class%3D%22xdoc-id%22%3EModuleView%3C%2Fspan%3E%3C%2Fgo%3E+%7B'/>
                    <line tab='1' content='%3Cspan+class%3D%22xdoc-kw2%22%3EBool%3C%2Fspan%3E%26nbsp%3B%3Cgo%3E%3Cspan+class%3D%22xdoc-id%22%3EconfigureClocks%3C%2Fspan%3E%3C%2Fgo%3E%3B'/>
                    <line tab='1' content='%3Cspan+class%3D%22xdoc-kw2%22%3EBool%3C%2Fspan%3E%26nbsp%3B%3Cgo%3E%3Cspan+class%3D%22xdoc-id%22%3EdisableWatchdog%3C%2Fspan%3E%3C%2Fgo%3E%3B'/>
                    <line tab='0' content='%7D%3B'/>
                </synopSpec>
                <synopMeta>
                    <line tab='0' content='%3Cspan+class%3D%22xdoc-kw1%22%3Evar%3C%2Fspan%3E+%3Ci%3Eobj%3C%2Fi%3E+%3D+%3Cspan+class%3D%22xdoc-kw1%22%3Enew%3C%2Fspan%3E+%3Cgo%3EBoot.%3Cspan+class%3D%22xdoc-id%22%3EModuleView%3C%2Fspan%3E%3C%2Fgo%3E%3B'/>
                    <line blank='1' always='0'/>
                    <line tab='1' content='%3Ci%3Eobj%3C%2Fi%3E.%3Cgo%3E%3Cspan+class%3D%22xdoc-id%22%3EconfigureClocks%3C%2Fspan%3E%3C%2Fgo%3E+%3D+%3Ci%3E%3Cspan+class%3D%22xdoc-kw2%22%3EBool%3C%2Fspan%3E%3C%2Fi%3E%3Cb%3E%26nbsp%3B%26nbsp%3B...%3C%2Fb%3E'/>
                    <line tab='1' content='%3Ci%3Eobj%3C%2Fi%3E.%3Cgo%3E%3Cspan+class%3D%22xdoc-id%22%3EdisableWatchdog%3C%2Fspan%3E%3C%2Fgo%3E+%3D+%3Ci%3E%3Cspan+class%3D%22xdoc-kw2%22%3EBool%3C%2Fspan%3E%3C%2Fi%3E%3Cb%3E%26nbsp%3B%26nbsp%3B...%3C%2Fb%3E'/>
                </synopMeta>
            </decl>
        </group>
        <group name='module-wide config parameters'>
            <decl spacer='1'/>
            <decl kind='config' name='configNameMap$' anchor='config.Name.Map$' altext='ti.catalog.arm.cortexm4.tiva.l.Boot.configNameMap$' nodoc='1' external='1' overrides='0' readonly='1' instance='0' summary='' origin='%3Ca+class%3D%22xdoc-link%22+href%3D%22..%2F..%2F..%2F..%2F..%2F..%2Fxdc%2Fruntime%2FIModule.html%23config.Name.Map%24%22+title%3D%22xdc.runtime.IModule.configNameMap%24%22%3EIModule%3C%2Fa%3E' metaonly='1'>
                <synopSpec>
                    <line tab='0' content='%3Cspan+class%3D%22xdoc-kw1%22%3Emetaonly+%3C%2Fspan%3E%3Cspan+class%3D%22xdoc-kw1%22%3Ereadonly+%3C%2Fspan%3E%3Cspan+class%3D%22xdoc-kw1%22%3Econfig%3C%2Fspan%3E+%3Ca+class%3D%22xdoc-link%22+href%3D%22..%2F..%2F..%2F..%2F..%2F..%2Fxdc%2Fruntime%2FTypes.html%23.View.Info%22+title%3D%22xdc.runtime.Types.ViewInfo%22%3ETypes.ViewInfo%3C%2Fa%3E%26nbsp%3B%3Cgo%3E%3Cspan+class%3D%22xdoc-id%22%3EconfigNameMap%24%3C%2Fspan%3E%3C%2Fgo%3E%5B%3Cspan+class%3D%22xdoc-kw1%22%3Estring%3C%2Fspan%3E%5D+%3D+%255B'/>
                    <line tab='1' content='%255B'/>
                    <line tab='2' content='%2522xdc.runtime%252FMemory%2522%252C'/>
                    <line tab='2' content='%257B'/>
                    <line tab='3' content='viewType%253A%2B%2522module%2522%252C'/>
                    <line tab='3' content='fields%253A%2B%255B'/>
                    <line tab='4' content='%2522common%2524.instanceHeap%2522%252C'/>
                    <line tab='4' content='%2522common%2524.instanceSection%2522%252C'/>
                    <line tab='4' content='%2522common%2524.memoryPolicy%2522%252C'/>
                    <line tab='4' content='%2522common%2524.namedModule%2522%252C'/>
                    <line tab='4' content='%2522common%2524.namedInstance%2522%252C'/>
                    <line tab='4' content='%2522common%2524.fxntab%2522%252C'/>
                    <line tab='4' content='%2522common%2524.romPatchTable%2522'/>
                    <line tab='3' content='%255D'/>
                    <line tab='2' content='%257D'/>
                    <line tab='1' content='%255D%252C'/>
                    <line tab='1' content='%255B'/>
                    <line tab='2' content='%2522xdc.runtime%252FDiagnostics%2522%252C'/>
                    <line tab='2' content='%257B'/>
                    <line tab='3' content='viewType%253A%2B%2522module%2522%252C'/>
                    <line tab='3' content='fields%253A%2B%255B'/>
                    <line tab='4' content='%2522common%2524.logger%2522%252C'/>
                    <line tab='4' content='%2522common%2524.diags_ASSERT%2522%252C'/>
                    <line tab='4' content='%2522common%2524.diags_ENTRY%2522%252C'/>
                    <line tab='4' content='%2522common%2524.diags_EXIT%2522%252C'/>
                    <line tab='4' content='%2522common%2524.diags_INTERNAL%2522%252C'/>
                    <line tab='4' content='%2522common%2524.diags_LIFECYCLE%2522%252C'/>
                    <line tab='4' content='%2522common%2524.diags_STATUS%2522%252C'/>
                    <line tab='4' content='%2522common%2524.diags_USER1%2522%252C'/>
                    <line tab='4' content='%2522common%2524.diags_USER2%2522%252C'/>
                    <line tab='4' content='%2522common%2524.diags_USER3%2522%252C'/>
                    <line tab='4' content='%2522common%2524.diags_USER4%2522%252C'/>
                    <line tab='4' content='%2522common%2524.diags_USER5%2522%252C'/>
                    <line tab='4' content='%2522common%2524.diags_USER6%2522%252C'/>
                    <line tab='4' content='%2522common%2524.diags_INFO%2522%252C'/>
                    <line tab='4' content='%2522common%2524.diags_ANALYSIS%2522'/>
                    <line tab='3' content='%255D'/>
                    <line tab='2' content='%257D'/>
                    <line tab='1' content='%255D%252C'/>
                    <line tab='1' content='%255B'/>
                    <line tab='2' content='%2522xdc.runtime%252FConcurrency%2522%252C'/>
                    <line tab='2' content='%257B'/>
                    <line tab='3' content='viewType%253A%2B%2522module%2522%252C'/>
                    <line tab='3' content='fields%253A%2B%255B'/>
                    <line tab='4' content='%2522common%2524.gate%2522%252C'/>
                    <line tab='4' content='%2522common%2524.gateParams%2522'/>
                    <line tab='3' content='%255D'/>
                    <line tab='2' content='%257D'/>
                    <line tab='1' content='%255D%252C'/>
                    <line tab='1' content='%255B'/>
                    <line tab='2' content='%2522xdc.runtime%252FLog%2BEvents%2522%252C'/>
                    <line tab='2' content='%257B'/>
                    <line tab='3' content='viewType%253A%2B%2522module%2522%252C'/>
                    <line tab='3' content='fields%253A%2B%255B'/>
                    <line tab='4' content='%2522Log.Event%2522'/>
                    <line tab='3' content='%255D'/>
                    <line tab='2' content='%257D'/>
                    <line tab='1' content='%255D%252C'/>
                    <line tab='1' content='%255B'/>
                    <line tab='2' content='%2522xdc.runtime%252FLog%2BEvents%2522%252C'/>
                    <line tab='2' content='%257B'/>
                    <line tab='3' content='viewType%253A%2B%2522instance%2522%252C'/>
                    <line tab='3' content='fields%253A%2B%255B'/>
                    <line tab='4' content='%2522Log.Event%2522'/>
                    <line tab='3' content='%255D'/>
                    <line tab='2' content='%257D'/>
                    <line tab='1' content='%255D%252C'/>
                    <line tab='1' content='%255B'/>
                    <line tab='2' content='%2522xdc.runtime%252FAsserts%2522%252C'/>
                    <line tab='2' content='%257B'/>
                    <line tab='3' content='viewType%253A%2B%2522module%2522%252C'/>
                    <line tab='3' content='fields%253A%2B%255B'/>
                    <line tab='4' content='%2522Assert.Id%2522'/>
                    <line tab='3' content='%255D'/>
                    <line tab='2' content='%257D'/>
                    <line tab='1' content='%255D%252C'/>
                    <line tab='1' content='%255B'/>
                    <line tab='2' content='%2522xdc.runtime%252FAsserts%2522%252C'/>
                    <line tab='2' content='%257B'/>
                    <line tab='3' content='viewType%253A%2B%2522instance%2522%252C'/>
                    <line tab='3' content='fields%253A%2B%255B'/>
                    <line tab='4' content='%2522Assert.Id%2522'/>
                    <line tab='3' content='%255D'/>
                    <line tab='2' content='%257D'/>
                    <line tab='1' content='%255D%252C'/>
                    <line tab='1' content='%255B'/>
                    <line tab='2' content='%2522xdc.runtime%252FErrors%2522%252C'/>
                    <line tab='2' content='%257B'/>
                    <line tab='3' content='viewType%253A%2B%2522module%2522%252C'/>
                    <line tab='3' content='fields%253A%2B%255B'/>
                    <line tab='4' content='%2522Error.Id%2522'/>
                    <line tab='3' content='%255D'/>
                    <line tab='2' content='%257D'/>
                    <line tab='1' content='%255D%252C'/>
                    <line tab='1' content='%255B'/>
                    <line tab='2' content='%2522xdc.runtime%252FErrors%2522%252C'/>
                    <line tab='2' content='%257B'/>
                    <line tab='3' content='viewType%253A%2B%2522instance%2522%252C'/>
                    <line tab='3' content='fields%253A%2B%255B'/>
                    <line tab='4' content='%2522Error.Id%2522'/>
                    <line tab='3' content='%255D'/>
                    <line tab='2' content='%257D'/>
                    <line tab='1' content='%255D'/>
                    <line tab='0' content='%255D%3B'/>
                </synopSpec>
                <synopMeta>
                    <line tab='0' content='%3Cspan+class%3D%22xdoc-kw1%22%3Econst%3C%2Fspan%3E+%3Cgo%3EBoot.%3Cspan+class%3D%22xdoc-id%22%3EconfigNameMap%24%3C%2Fspan%3E%3C%2Fgo%3E+%3D+%3Ci%3E%3Ca+class%3D%22xdoc-link%22+href%3D%22..%2F..%2F..%2F..%2F..%2F..%2Fxdc%2Fruntime%2FTypes.html%23.View.Info%22+title%3D%22xdc.runtime.Types.ViewInfo%22%3ETypes.ViewInfo%3C%2Fa%3E%5B%3Cspan+class%3D%22xdoc-kw1%22%3Estring%3C%2Fspan%3E%5D%3C%2Fi%3E+%255B'/>
                    <line tab='1' content='%255B'/>
                    <line tab='2' content='%2522xdc.runtime%252FMemory%2522%252C'/>
                    <line tab='2' content='%257B'/>
                    <line tab='3' content='viewType%253A%2B%2522module%2522%252C'/>
                    <line tab='3' content='fields%253A%2B%255B'/>
                    <line tab='4' content='%2522common%2524.instanceHeap%2522%252C'/>
                    <line tab='4' content='%2522common%2524.instanceSection%2522%252C'/>
                    <line tab='4' content='%2522common%2524.memoryPolicy%2522%252C'/>
                    <line tab='4' content='%2522common%2524.namedModule%2522%252C'/>
                    <line tab='4' content='%2522common%2524.namedInstance%2522%252C'/>
                    <line tab='4' content='%2522common%2524.fxntab%2522%252C'/>
                    <line tab='4' content='%2522common%2524.romPatchTable%2522'/>
                    <line tab='3' content='%255D'/>
                    <line tab='2' content='%257D'/>
                    <line tab='1' content='%255D%252C'/>
                    <line tab='1' content='%255B'/>
                    <line tab='2' content='%2522xdc.runtime%252FDiagnostics%2522%252C'/>
                    <line tab='2' content='%257B'/>
                    <line tab='3' content='viewType%253A%2B%2522module%2522%252C'/>
                    <line tab='3' content='fields%253A%2B%255B'/>
                    <line tab='4' content='%2522common%2524.logger%2522%252C'/>
                    <line tab='4' content='%2522common%2524.diags_ASSERT%2522%252C'/>
                    <line tab='4' content='%2522common%2524.diags_ENTRY%2522%252C'/>
                    <line tab='4' content='%2522common%2524.diags_EXIT%2522%252C'/>
                    <line tab='4' content='%2522common%2524.diags_INTERNAL%2522%252C'/>
                    <line tab='4' content='%2522common%2524.diags_LIFECYCLE%2522%252C'/>
                    <line tab='4' content='%2522common%2524.diags_STATUS%2522%252C'/>
                    <line tab='4' content='%2522common%2524.diags_USER1%2522%252C'/>
                    <line tab='4' content='%2522common%2524.diags_USER2%2522%252C'/>
                    <line tab='4' content='%2522common%2524.diags_USER3%2522%252C'/>
                    <line tab='4' content='%2522common%2524.diags_USER4%2522%252C'/>
                    <line tab='4' content='%2522common%2524.diags_USER5%2522%252C'/>
                    <line tab='4' content='%2522common%2524.diags_USER6%2522%252C'/>
                    <line tab='4' content='%2522common%2524.diags_INFO%2522%252C'/>
                    <line tab='4' content='%2522common%2524.diags_ANALYSIS%2522'/>
                    <line tab='3' content='%255D'/>
                    <line tab='2' content='%257D'/>
                    <line tab='1' content='%255D%252C'/>
                    <line tab='1' content='%255B'/>
                    <line tab='2' content='%2522xdc.runtime%252FConcurrency%2522%252C'/>
                    <line tab='2' content='%257B'/>
                    <line tab='3' content='viewType%253A%2B%2522module%2522%252C'/>
                    <line tab='3' content='fields%253A%2B%255B'/>
                    <line tab='4' content='%2522common%2524.gate%2522%252C'/>
                    <line tab='4' content='%2522common%2524.gateParams%2522'/>
                    <line tab='3' content='%255D'/>
                    <line tab='2' content='%257D'/>
                    <line tab='1' content='%255D%252C'/>
                    <line tab='1' content='%255B'/>
                    <line tab='2' content='%2522xdc.runtime%252FLog%2BEvents%2522%252C'/>
                    <line tab='2' content='%257B'/>
                    <line tab='3' content='viewType%253A%2B%2522module%2522%252C'/>
                    <line tab='3' content='fields%253A%2B%255B'/>
                    <line tab='4' content='%2522Log.Event%2522'/>
                    <line tab='3' content='%255D'/>
                    <line tab='2' content='%257D'/>
                    <line tab='1' content='%255D%252C'/>
                    <line tab='1' content='%255B'/>
                    <line tab='2' content='%2522xdc.runtime%252FLog%2BEvents%2522%252C'/>
                    <line tab='2' content='%257B'/>
                    <line tab='3' content='viewType%253A%2B%2522instance%2522%252C'/>
                    <line tab='3' content='fields%253A%2B%255B'/>
                    <line tab='4' content='%2522Log.Event%2522'/>
                    <line tab='3' content='%255D'/>
                    <line tab='2' content='%257D'/>
                    <line tab='1' content='%255D%252C'/>
                    <line tab='1' content='%255B'/>
                    <line tab='2' content='%2522xdc.runtime%252FAsserts%2522%252C'/>
                    <line tab='2' content='%257B'/>
                    <line tab='3' content='viewType%253A%2B%2522module%2522%252C'/>
                    <line tab='3' content='fields%253A%2B%255B'/>
                    <line tab='4' content='%2522Assert.Id%2522'/>
                    <line tab='3' content='%255D'/>
                    <line tab='2' content='%257D'/>
                    <line tab='1' content='%255D%252C'/>
                    <line tab='1' content='%255B'/>
                    <line tab='2' content='%2522xdc.runtime%252FAsserts%2522%252C'/>
                    <line tab='2' content='%257B'/>
                    <line tab='3' content='viewType%253A%2B%2522instance%2522%252C'/>
                    <line tab='3' content='fields%253A%2B%255B'/>
                    <line tab='4' content='%2522Assert.Id%2522'/>
                    <line tab='3' content='%255D'/>
                    <line tab='2' content='%257D'/>
                    <line tab='1' content='%255D%252C'/>
                    <line tab='1' content='%255B'/>
                    <line tab='2' content='%2522xdc.runtime%252FErrors%2522%252C'/>
                    <line tab='2' content='%257B'/>
                    <line tab='3' content='viewType%253A%2B%2522module%2522%252C'/>
                    <line tab='3' content='fields%253A%2B%255B'/>
                    <line tab='4' content='%2522Error.Id%2522'/>
                    <line tab='3' content='%255D'/>
                    <line tab='2' content='%257D'/>
                    <line tab='1' content='%255D%252C'/>
                    <line tab='1' content='%255B'/>
                    <line tab='2' content='%2522xdc.runtime%252FErrors%2522%252C'/>
                    <line tab='2' content='%257B'/>
                    <line tab='3' content='viewType%253A%2B%2522instance%2522%252C'/>
                    <line tab='3' content='fields%253A%2B%255B'/>
                    <line tab='4' content='%2522Error.Id%2522'/>
                    <line tab='3' content='%255D'/>
                    <line tab='2' content='%257D'/>
                    <line tab='1' content='%255D'/>
                    <line tab='0' content='%255D%3B'/>
                </synopMeta>
            </decl>
            <decl spacer='1'/>
            <decl spacer='1'/>
            <decl kind='config' name='common$' anchor='common$' altext='ti.catalog.arm.cortexm4.tiva.l.Boot.common$' nodoc='0' external='1' overrides='0' readonly='0' instance='0' summary='Common+module+configuration+parameters' origin='%3Ca+class%3D%22xdoc-link%22+href%3D%22..%2F..%2F..%2F..%2F..%2F..%2Fxdc%2Fruntime%2FIModule.html%23common%24%22+title%3D%22xdc.runtime.IModule.common%24%22%3EIModule%3C%2Fa%3E' metaonly='1'>
                <synopSpec>
                    <line tab='0' content='%3Cspan+class%3D%22xdoc-kw1%22%3Emetaonly+%3C%2Fspan%3E%3Cspan+class%3D%22xdoc-kw1%22%3Econfig%3C%2Fspan%3E+%3Ca+class%3D%22xdoc-link%22+href%3D%22..%2F..%2F..%2F..%2F..%2F..%2Fxdc%2Fruntime%2FTypes.html%23.Common%24%22+title%3D%22xdc.runtime.Types.Common%24%22%3ETypes.Common%24%3C%2Fa%3E%26nbsp%3B%3Cgo%3E%3Cspan+class%3D%22xdoc-id%22%3Ecommon%24%3C%2Fspan%3E%3C%2Fgo%3E%3B'/>
                </synopSpec>
                <synopMeta>
                    <line tab='0' content='%3Cgo%3EBoot.%3Cspan+class%3D%22xdoc-id%22%3Ecommon%24%3C%2Fspan%3E%3C%2Fgo%3E+%3D+%3Ci%3E%3Ca+class%3D%22xdoc-link%22+href%3D%22..%2F..%2F..%2F..%2F..%2F..%2Fxdc%2Fruntime%2FTypes.html%23.Common%24%22+title%3D%22xdc.runtime.Types.Common%24%22%3ETypes.Common%24%3C%2Fa%3E%3C%2Fi%3E+%3Cspan+class%3D%22xdoc-kw2%22%3Eundefined%3C%2Fspan%3E%3B'/>
                </synopMeta>
                <docSect name='details'>
                    <docPara content='All+modules+have+this+configuration+parameter.++Its+name%0A++contains+the+%27%24%27+character+to+ensure+it+does+not+conflict+with%0A++configuration+parameters+declared+by+the+module.++This+allows%0A++new+configuration+parameters+to+be+added+in+the+future+without%0A++any+chance+of+breaking+existing+modules.'/>
                </docSect>
            </decl>
            <decl kind='config' name='computedCpuFrequency' anchor='computed.Cpu.Frequency' altext='ti.catalog.arm.cortexm4.tiva.l.Boot.computedCpuFrequency' nodoc='0' external='0' overrides='0' readonly='0' instance='0' summary='computed+cpu+frequency+based+on+clock+settings' metaonly='1'>
                <synopSpec>
                    <line tab='0' content='%3Cspan+class%3D%22xdoc-kw1%22%3Emetaonly+%3C%2Fspan%3E%3Cspan+class%3D%22xdoc-kw1%22%3Econfig%3C%2Fspan%3E+%3Cspan+class%3D%22xdoc-kw2%22%3EUInt%3C%2Fspan%3E%26nbsp%3B%3Cgo%3E%3Cspan+class%3D%22xdoc-id%22%3EcomputedCpuFrequency%3C%2Fspan%3E%3C%2Fgo%3E%3B'/>
                </synopSpec>
                <synopMeta>
                    <line tab='0' content='%3Cgo%3EBoot.%3Cspan+class%3D%22xdoc-id%22%3EcomputedCpuFrequency%3C%2Fspan%3E%3C%2Fgo%3E+%3D+%3Ci%3E%3Cspan+class%3D%22xdoc-kw2%22%3EUInt%3C%2Fspan%3E%3C%2Fi%3E+%3Cspan+class%3D%22xdoc-kw2%22%3Eundefined%3C%2Fspan%3E%3B'/>
                </synopMeta>
            </decl>
            <decl kind='config' name='configureClocks' anchor='configure.Clocks' altext='ti.catalog.arm.cortexm4.tiva.l.Boot.configureClocks' nodoc='0' external='1' overrides='0' readonly='0' instance='0' summary='Clock+configuration+flag%2C+default+is+false' metaonly='1'>
                <synopSpec>
                    <line tab='0' content='%3Cspan+class%3D%22xdoc-kw1%22%3Emetaonly+%3C%2Fspan%3E%3Cspan+class%3D%22xdoc-kw1%22%3Econfig%3C%2Fspan%3E+%3Cspan+class%3D%22xdoc-kw2%22%3EBool%3C%2Fspan%3E%26nbsp%3B%3Cgo%3E%3Cspan+class%3D%22xdoc-id%22%3EconfigureClocks%3C%2Fspan%3E%3C%2Fgo%3E+%3D+%253Cspan%2Bclass%253D%2522xdoc-kw2%2522%253Efalse%253C%252Fspan%253E%3B'/>
                </synopSpec>
                <synopMeta>
                    <line tab='0' content='%3Cgo%3EBoot.%3Cspan+class%3D%22xdoc-id%22%3EconfigureClocks%3C%2Fspan%3E%3C%2Fgo%3E+%3D+%3Ci%3E%3Cspan+class%3D%22xdoc-kw2%22%3EBool%3C%2Fspan%3E%3C%2Fi%3E+%253Cspan%2Bclass%253D%2522xdoc-kw2%2522%253Efalse%253C%252Fspan%253E%3B'/>
                </synopMeta>
                <docSect name='details'>
                    <docPara content='Set+to+true+to+automatically+configure+the+clocks.'/>
                </docSect>
            </decl>
            <decl kind='config' name='disableWatchdog' anchor='disable.Watchdog' altext='ti.catalog.arm.cortexm4.tiva.l.Boot.disableWatchdog' nodoc='0' external='1' overrides='0' readonly='0' instance='0' summary='Watchdog+disable+configuration+flag%2C+default+is+true' metaonly='1'>
                <synopSpec>
                    <line tab='0' content='%3Cspan+class%3D%22xdoc-kw1%22%3Emetaonly+%3C%2Fspan%3E%3Cspan+class%3D%22xdoc-kw1%22%3Econfig%3C%2Fspan%3E+%3Cspan+class%3D%22xdoc-kw2%22%3EBool%3C%2Fspan%3E%26nbsp%3B%3Cgo%3E%3Cspan+class%3D%22xdoc-id%22%3EdisableWatchdog%3C%2Fspan%3E%3C%2Fgo%3E+%3D+%253Cspan%2Bclass%253D%2522xdoc-kw2%2522%253Etrue%253C%252Fspan%253E%3B'/>
                </synopSpec>
                <synopMeta>
                    <line tab='0' content='%3Cgo%3EBoot.%3Cspan+class%3D%22xdoc-id%22%3EdisableWatchdog%3C%2Fspan%3E%3C%2Fgo%3E+%3D+%3Ci%3E%3Cspan+class%3D%22xdoc-kw2%22%3EBool%3C%2Fspan%3E%3C%2Fi%3E+%253Cspan%2Bclass%253D%2522xdoc-kw2%2522%253Etrue%253C%252Fspan%253E%3B'/>
                </synopMeta>
                <docSect name='details'>
                    <docPara content='Set+to+false+to+disable+the+disabling+of+the+watchdog.'/>
                </docSect>
            </decl>
            <decl kind='config' name='rovShowRawTab$' anchor='rov.Show.Raw.Tab$' altext='ti.catalog.arm.cortexm4.tiva.l.Boot.rovShowRawTab$' nodoc='1' external='1' overrides='0' readonly='0' instance='0' summary='' origin='%3Ca+class%3D%22xdoc-link%22+href%3D%22..%2F..%2F..%2F..%2F..%2F..%2Fxdc%2Fruntime%2FIModule.html%23rov.Show.Raw.Tab%24%22+title%3D%22xdc.runtime.IModule.rovShowRawTab%24%22%3EIModule%3C%2Fa%3E' metaonly='1'>
                <synopSpec>
                    <line tab='0' content='%3Cspan+class%3D%22xdoc-kw1%22%3Emetaonly+%3C%2Fspan%3E%3Cspan+class%3D%22xdoc-kw1%22%3Econfig%3C%2Fspan%3E+%3Cspan+class%3D%22xdoc-kw2%22%3EBool%3C%2Fspan%3E%26nbsp%3B%3Cgo%3E%3Cspan+class%3D%22xdoc-id%22%3ErovShowRawTab%24%3C%2Fspan%3E%3C%2Fgo%3E+%3D+%253Cspan%2Bclass%253D%2522xdoc-kw2%2522%253Etrue%253C%252Fspan%253E%3B'/>
                </synopSpec>
                <synopMeta>
                    <line tab='0' content='%3Cgo%3EBoot.%3Cspan+class%3D%22xdoc-id%22%3ErovShowRawTab%24%3C%2Fspan%3E%3C%2Fgo%3E+%3D+%3Ci%3E%3Cspan+class%3D%22xdoc-kw2%22%3EBool%3C%2Fspan%3E%3C%2Fi%3E+%253Cspan%2Bclass%253D%2522xdoc-kw2%2522%253Etrue%253C%252Fspan%253E%3B'/>
                </synopMeta>
            </decl>
            <decl kind='config' name='rovViewInfo' anchor='rov.View.Info' altext='ti.catalog.arm.cortexm4.tiva.l.Boot.rovViewInfo' nodoc='0' external='1' overrides='0' readonly='0' instance='0' summary='' metaonly='1'>
                <synopSpec>
                    <line tab='0' content='%3Cspan+class%3D%22xdoc-kw1%22%3Emetaonly+%3C%2Fspan%3E%3Cspan+class%3D%22xdoc-kw1%22%3Econfig%3C%2Fspan%3E+%3Ca+class%3D%22xdoc-link%22+href%3D%22..%2F..%2F..%2F..%2F..%2F..%2Fxdc%2Frov%2FViewInfo.html%23.Instance%22+title%3D%22xdc.rov.ViewInfo.Instance%22%3EViewInfo.Instance%3C%2Fa%3E%26nbsp%3B%3Cgo%3E%3Cspan+class%3D%22xdoc-id%22%3ErovViewInfo%3C%2Fspan%3E%3C%2Fgo%3E+%3D+%253Ca%2Bclass%253D%2522xdoc-link%2522%2Bhref%253D%2522..%252F..%252F..%252F..%252F..%252F..%252Fxdc%252Frov%252FViewInfo.html%2523per-instance_creation%2522%2Btitle%253D%2522xdc.rov.ViewInfo.create%2522%253EViewInfo.create%253C%252Fa%253E%3B'/>
                </synopSpec>
                <synopMeta>
                    <line tab='0' content='%3Cgo%3EBoot.%3Cspan+class%3D%22xdoc-id%22%3ErovViewInfo%3C%2Fspan%3E%3C%2Fgo%3E+%3D+%3Ci%3E%3Ca+class%3D%22xdoc-link%22+href%3D%22..%2F..%2F..%2F..%2F..%2F..%2Fxdc%2Frov%2FViewInfo.html%23.Instance%22+title%3D%22xdc.rov.ViewInfo.Instance%22%3EViewInfo.Instance%3C%2Fa%3E%3C%2Fi%3E+%253Ca%2Bclass%253D%2522xdoc-link%2522%2Bhref%253D%2522..%252F..%252F..%252F..%252F..%252F..%252Fxdc%252Frov%252FViewInfo.html%2523per-instance_creation%2522%2Btitle%253D%2522xdc.rov.ViewInfo.create%2522%253EViewInfo.create%253C%252Fa%253E%3B'/>
                </synopMeta>
            </decl>
            <decl kind='config' name='viewNameMap$' anchor='view.Name.Map$' altext='ti.catalog.arm.cortexm4.tiva.l.Boot.viewNameMap$' nodoc='1' external='1' overrides='0' readonly='0' instance='0' summary='Specifies+the+ROV+views+for+the+module' origin='%3Ca+class%3D%22xdoc-link%22+href%3D%22..%2F..%2F..%2F..%2F..%2F..%2Fxdc%2Fruntime%2FIModule.html%23view.Name.Map%24%22+title%3D%22xdc.runtime.IModule.viewNameMap%24%22%3EIModule%3C%2Fa%3E' metaonly='1'>
                <synopSpec>
                    <line tab='0' content='%3Cspan+class%3D%22xdoc-kw1%22%3Emetaonly+%3C%2Fspan%3E%3Cspan+class%3D%22xdoc-kw1%22%3Econfig%3C%2Fspan%3E+%3Ca+class%3D%22xdoc-link%22+href%3D%22..%2F..%2F..%2F..%2F..%2F..%2Fxdc%2Fruntime%2FTypes.html%23.View.Info%22+title%3D%22xdc.runtime.Types.ViewInfo%22%3ETypes.ViewInfo%3C%2Fa%3E%26nbsp%3B%3Cgo%3E%3Cspan+class%3D%22xdoc-id%22%3EviewNameMap%24%3C%2Fspan%3E%3C%2Fgo%3E%5B%3Cspan+class%3D%22xdoc-kw1%22%3Estring%3C%2Fspan%3E%5D%3B'/>
                </synopSpec>
                <synopMeta>
                    <line tab='0' content='%3Cgo%3EBoot.%3Cspan+class%3D%22xdoc-id%22%3EviewNameMap%24%3C%2Fspan%3E%3C%2Fgo%3E+%3D+%3Ci%3E%3Ca+class%3D%22xdoc-link%22+href%3D%22..%2F..%2F..%2F..%2F..%2F..%2Fxdc%2Fruntime%2FTypes.html%23.View.Info%22+title%3D%22xdc.runtime.Types.ViewInfo%22%3ETypes.ViewInfo%3C%2Fa%3E%5B%3Cspan+class%3D%22xdoc-kw1%22%3Estring%3C%2Fspan%3E%5D%3C%2Fi%3E+%3Cspan+class%3D%22xdoc-kw2%22%3Eundefined%3C%2Fspan%3E%3B'/>
                </synopMeta>
            </decl>
        </group>
        <group name='module-wide data'>
        </group>
        <group name='module-wide functions'>
            <decl spacer='1'/>
            <decl kind='fxn' name='registerFreqListener' anchor='register.Freq.Listener' altext='ti.catalog.arm.cortexm4.tiva.l.Boot.registerFreqListener' nodoc='1' external='1' overrides='0' readonly='0' instance='0' summary='' metaonly='1'>
                <synopSpec>
                    <line tab='0' content='%3Cspan+class%3D%22xdoc-kw1%22%3Emetaonly+%3C%2Fspan%3E%3Cgo%3E%3Cspan+class%3D%22xdoc-kw1%22%3Efunction+%3C%2Fspan%3E%3Cspan+class%3D%22xdoc-id%22%3EregisterFreqListener%3C%2Fspan%3E%3C%2Fgo%3E%28++%29%3B'/>
                </synopSpec>
                <synopMeta>
                    <line tab='0' content='%3Cgo%3EBoot.%3Cspan+class%3D%22xdoc-id%22%3EregisterFreqListener%3C%2Fspan%3E%3C%2Fgo%3E%28++%29+%3Ci%3Ereturns%3C%2Fi%3E+%3Ci%3E%3Cspan+class%3D%22xdoc-kw2%22%3EAny%3C%2Fspan%3E%3C%2Fi%3E'/>
                </synopMeta>
            </decl>
        </group>
        <group name='module-wide built-ins'>
            <synopTarg>
                <line tab='0' comment='Get+this+module%27s+unique+id' content='%3Ca+class%3D%22xdoc-link%22+href%3D%22..%2F..%2F..%2F..%2F..%2F..%2Fxdc%2Fruntime%2FTypes.html%23.Module.Id%22+title%3D%22xdc.runtime.Types.ModuleId%22%3ETypes_ModuleId%3C%2Fa%3E+%3Cgo%3E%3Cspan+class%3D%22xdoc-id%22%3EBoot_Module_id%3C%2Fspan%3E%3C%2Fgo%3E%28+%29%3B'/>
                <line blank='1' always='0'/>
                <line tab='0' comment='Test+if+this+module+has+completed+startup' content='%3Cspan+class%3D%22xdoc-kw2%22%3EBool%3C%2Fspan%3E+%3Cgo%3E%3Cspan+class%3D%22xdoc-id%22%3EBoot_Module_startupDone%3C%2Fspan%3E%3C%2Fgo%3E%28+%29%3B'/>
                <line blank='1' always='0'/>
                <line tab='0' comment='The+heap+from+which+this+module+allocates+memory' content='%3Ca+class%3D%22xdoc-link%22+href%3D%22..%2F..%2F..%2F..%2F..%2F..%2Fxdc%2Fruntime%2FIHeap.html%23per-instance_object_types%22+title%3D%22xdc.runtime.IHeap.Handle%22%3EIHeap_Handle%3C%2Fa%3E+%3Cgo%3E%3Cspan+class%3D%22xdoc-id%22%3EBoot_Module_heap%3C%2Fspan%3E%3C%2Fgo%3E%28+%29%3B'/>
                <line blank='1' always='0'/>
                <line tab='0' comment='Test+whether+this+module+has+a+diagnostics+mask' content='%3Cspan+class%3D%22xdoc-kw2%22%3EBool%3C%2Fspan%3E+%3Cgo%3E%3Cspan+class%3D%22xdoc-id%22%3EBoot_Module_hasMask%3C%2Fspan%3E%3C%2Fgo%3E%28+%29%3B'/>
                <line blank='1' always='0'/>
                <line tab='0' comment='Returns+the+diagnostics+mask+for+this+module' content='%3Cspan+class%3D%22xdoc-kw2%22%3EBits16%3C%2Fspan%3E+%3Cgo%3E%3Cspan+class%3D%22xdoc-id%22%3EBoot_Module_getMask%3C%2Fspan%3E%3C%2Fgo%3E%28+%29%3B'/>
                <line blank='1' always='0'/>
                <line tab='0' comment='Set+the+diagnostics+mask+for+this+module' content='%3Cspan+class%3D%22xdoc-kw2%22%3EVoid%3C%2Fspan%3E+%3Cgo%3E%3Cspan+class%3D%22xdoc-id%22%3EBoot_Module_setMask%3C%2Fspan%3E%3C%2Fgo%3E%28+%3Cspan+class%3D%22xdoc-kw2%22%3EBits16%3C%2Fspan%3E+%3Cspan+class%3D%22xdoc-id%22%3Emask%3C%2Fspan%3E+%29%3B'/>
            </synopTarg>
        </group>
    </unit>
</package>
