<?xml version="1.0" encoding="UTF-8"?>
<package kind='package' name='ti.sysbios.examples' nodoc='1' root='../../../' summary=''>
    <line tab='0' content='%3Cspan+class%3D%22xdoc-kw1%22%3Epackage%3C%2Fspan%3E+%3Cgo%3E%3Cspan+class%3D%22xdoc-id%22%3Eti.sysbios.examples%3C%2Fspan%3E%3C%2Fgo%3E+%5B2%2C+0%2C+0%2C+0%5D+%7B'/>
    <line tab='0' content='%7D'/>
    <unit name='Examples' kind='module' nodoc='0' metaonly='1' summary='' inherits='xdc.tools.product.IProductTemplate'>
        <synopSpec>
            <line tab='0' content='%3Cspan+class%3D%22xdoc-kw1%22%3Epackage%3C%2Fspan%3E+%3Ca+class%3D%22xdoc-link%22+href%3D%22..%2F..%2F..%2Fti%2Fsysbios%2Fexamples%2Fpackage.html%22+title%3D%22ti.sysbios.examples%22%3Eti.sysbios.examples%3C%2Fa%3E%3B'/>
            <line blank='1' always='0'/>
            <line tab='0' content='%3Cspan+class%3D%22xdoc-kw1%22%3Emetaonly+%3C%2Fspan%3E%3Cspan+class%3D%22xdoc-kw1%22%3Emodule%3C%2Fspan%3E+%3Cgo%3E%3Cspan+class%3D%22xdoc-id%22%3EExamples%3C%2Fspan%3E%3C%2Fgo%3E%3Cspan+class%3D%22xdoc-kw1%22%3E+inherits+%3C%2Fspan%3E%3Ca+class%3D%22xdoc-link%22+href%3D%22..%2F..%2F..%2Fxdc%2Ftools%2Fproduct%2FIProductTemplate.html%22+title%3D%22xdc.tools.product.IProductTemplate%22%3EIProductTemplate%3C%2Fa%3E+%7B'/>
            <line tab='0' content='%7D'/>
        </synopSpec>
        <specInfo>
            <line tab='0' content='%3Cspan+class%3D%22xdoc-kw1%22%3Emetaonly+%3C%2Fspan%3E%3Cspan+class%3D%22xdoc-kw1%22%3Emodule%3C%2Fspan%3E+%3Cgo%3E%3Cspan+class%3D%22xdoc-id%22%3EExamples%3C%2Fspan%3E%3C%2Fgo%3E+%7B%3Cb%3E%26nbsp%3B%26nbsp%3B...%3C%2Fb%3E'/>
            <line tab='0' comment='inherits+%3Ca+class%3D%22xdoc-link%22+href%3D%22..%2F..%2F..%2Fxdc%2Ftools%2Fproduct%2FIProductTemplate.html%22+title%3D%22xdc.tools.product.IProductTemplate%22%3Exdc.tools.product.IProductTemplate%3C%2Fa%3E'/>
        </specInfo>
        <synopMeta>
            <line tab='0' content='%3Cspan+class%3D%22xdoc-kw1%22%3Evar%3C%2Fspan%3E+Examples+%3D+%3Cspan+class%3D%22xdoc-kw3%22%3Exdc.useModule%3C%2Fspan%3E%28%3Cspan+class%3D%22xdoc-id%22%3E%27ti.sysbios.examples.Examples%27%3C%2Fspan%3E%29%3B'/>
        </synopMeta>
        <group name='module-wide constants &amp; types'>
            <decl spacer='1'/>
            <decl spacer='1'/>
            <decl kind='struct' name='FileDesc' anchor='.File.Desc' altext='ti.sysbios.examples.Examples.FileDesc' nodoc='0' external='1' overrides='0' readonly='0' instance='0' summary='Structure+defining+properties+of+a+file+included+in+an+example' origin='%3Ca+class%3D%22xdoc-link%22+href%3D%22..%2F..%2F..%2Fxdc%2Ftools%2Fproduct%2FIProductTemplate.html%23.File.Desc%22+title%3D%22xdc.tools.product.IProductTemplate.FileDesc%22%3EIProductTemplate%3C%2Fa%3E'>
                <synopSpec>
                    <line tab='0' content='%3Cspan+class%3D%22xdoc-kw1%22%3Emetaonly+%3C%2Fspan%3E%3Cspan+class%3D%22xdoc-kw1%22%3Estruct%3C%2Fspan%3E+%3Cgo%3E%3Cspan+class%3D%22xdoc-id%22%3EFileDesc%3C%2Fspan%3E%3C%2Fgo%3E+%7B'/>
                    <line tab='1' comment='path+to+file+or+folder' content='%3Cspan+class%3D%22xdoc-kw2%22%3EString%3C%2Fspan%3E%26nbsp%3B%3Cgo%3E%3Cspan+class%3D%22xdoc-id%22%3Epath%3C%2Fspan%3E%3C%2Fgo%3E%3B'/>
                    <line tab='1' comment='exclude+from+build' content='%3Cspan+class%3D%22xdoc-kw2%22%3EBool%3C%2Fspan%3E%26nbsp%3B%3Cgo%3E%3Cspan+class%3D%22xdoc-id%22%3EexcludeFromBuild%3C%2Fspan%3E%3C%2Fgo%3E%3B'/>
                    <line tab='1' comment='open+on+project+creation' content='%3Cspan+class%3D%22xdoc-kw2%22%3EBool%3C%2Fspan%3E%26nbsp%3B%3Cgo%3E%3Cspan+class%3D%22xdoc-id%22%3EopenOnCreation%3C%2Fspan%3E%3C%2Fgo%3E%3B'/>
                    <line tab='1' comment='copy+into+RTSC+configuration' content='%3Cspan+class%3D%22xdoc-kw2%22%3EBool%3C%2Fspan%3E%26nbsp%3B%3Cgo%3E%3Cspan+class%3D%22xdoc-id%22%3EcopyIntoConfiguration%3C%2Fspan%3E%3C%2Fgo%3E%3B'/>
                    <line tab='1' comment='Flag+indicating+whether+the+file%0A++should+be+copied+into+the+project%0A++or+linked+to' content='%3Cspan+class%3D%22xdoc-kw2%22%3EString%3C%2Fspan%3E%26nbsp%3B%3Cgo%3E%3Cspan+class%3D%22xdoc-id%22%3Eaction%3C%2Fspan%3E%3C%2Fgo%3E%3B'/>
                    <line tab='1' comment='directory+into+which+the+path%0A++file%2Ffolder+should+be+copied+into' content='%3Cspan+class%3D%22xdoc-kw2%22%3EString%3C%2Fspan%3E%26nbsp%3B%3Cgo%3E%3Cspan+class%3D%22xdoc-id%22%3EtargetDirectory%3C%2Fspan%3E%3C%2Fgo%3E%3B'/>
                    <line tab='0' content='%7D%3B'/>
                </synopSpec>
                <synopMeta>
                    <line tab='0' content='%3Cspan+class%3D%22xdoc-kw1%22%3Evar%3C%2Fspan%3E+%3Ci%3Eobj%3C%2Fi%3E+%3D+%3Cspan+class%3D%22xdoc-kw1%22%3Enew%3C%2Fspan%3E+%3Cgo%3EExamples.%3Cspan+class%3D%22xdoc-id%22%3EFileDesc%3C%2Fspan%3E%3C%2Fgo%3E%3B'/>
                    <line blank='1' always='0'/>
                    <line tab='1' comment='path+to+file+or+folder' content='%3Ci%3Eobj%3C%2Fi%3E.%3Cgo%3E%3Cspan+class%3D%22xdoc-id%22%3Epath%3C%2Fspan%3E%3C%2Fgo%3E+%3D+%3Ci%3E%3Cspan+class%3D%22xdoc-kw2%22%3EString%3C%2Fspan%3E%3C%2Fi%3E%3Cb%3E%26nbsp%3B%26nbsp%3B...%3C%2Fb%3E'/>
                    <line tab='1' comment='exclude+from+build' content='%3Ci%3Eobj%3C%2Fi%3E.%3Cgo%3E%3Cspan+class%3D%22xdoc-id%22%3EexcludeFromBuild%3C%2Fspan%3E%3C%2Fgo%3E+%3D+%3Ci%3E%3Cspan+class%3D%22xdoc-kw2%22%3EBool%3C%2Fspan%3E%3C%2Fi%3E%3Cb%3E%26nbsp%3B%26nbsp%3B...%3C%2Fb%3E'/>
                    <line tab='1' comment='open+on+project+creation' content='%3Ci%3Eobj%3C%2Fi%3E.%3Cgo%3E%3Cspan+class%3D%22xdoc-id%22%3EopenOnCreation%3C%2Fspan%3E%3C%2Fgo%3E+%3D+%3Ci%3E%3Cspan+class%3D%22xdoc-kw2%22%3EBool%3C%2Fspan%3E%3C%2Fi%3E%3Cb%3E%26nbsp%3B%26nbsp%3B...%3C%2Fb%3E'/>
                    <line tab='1' comment='copy+into+RTSC+configuration' content='%3Ci%3Eobj%3C%2Fi%3E.%3Cgo%3E%3Cspan+class%3D%22xdoc-id%22%3EcopyIntoConfiguration%3C%2Fspan%3E%3C%2Fgo%3E+%3D+%3Ci%3E%3Cspan+class%3D%22xdoc-kw2%22%3EBool%3C%2Fspan%3E%3C%2Fi%3E%3Cb%3E%26nbsp%3B%26nbsp%3B...%3C%2Fb%3E'/>
                    <line tab='1' comment='Flag+indicating+whether+the+file%0A++should+be+copied+into+the+project%0A++or+linked+to' content='%3Ci%3Eobj%3C%2Fi%3E.%3Cgo%3E%3Cspan+class%3D%22xdoc-id%22%3Eaction%3C%2Fspan%3E%3C%2Fgo%3E+%3D+%3Ci%3E%3Cspan+class%3D%22xdoc-kw2%22%3EString%3C%2Fspan%3E%3C%2Fi%3E%3Cb%3E%26nbsp%3B%26nbsp%3B...%3C%2Fb%3E'/>
                    <line tab='1' comment='directory+into+which+the+path%0A++file%2Ffolder+should+be+copied+into' content='%3Ci%3Eobj%3C%2Fi%3E.%3Cgo%3E%3Cspan+class%3D%22xdoc-id%22%3EtargetDirectory%3C%2Fspan%3E%3C%2Fgo%3E+%3D+%3Ci%3E%3Cspan+class%3D%22xdoc-kw2%22%3EString%3C%2Fspan%3E%3C%2Fi%3E%3Cb%3E%26nbsp%3B%26nbsp%3B...%3C%2Fb%3E'/>
                </synopMeta>
                <docSect name='FIELDS'>
                    <docChild name='path' summary='Path+to+file+or+folder+relative+to+the%0A++++++++++++++++++++++++++++++++++package+containing+the+implementation%0A++++++++++++++++++++++++++++++++++of+%3Ctt%3EIProductTemplate%3C%2Ftt%3E.%0A++++++++++++++++++++++++++++++++++If+the+path+points+to+a+file+then+the%0A++++++++++++++++++++++++++++++++++file+is+copied+or+linked+into+the%0A++++++++++++++++++++++++++++++++++project.%0A++++++++++++++++++++++++++++++++++If+the+path+points+to+a+directory+then%0A++++++++++++++++++++++++++++++++++the+entire+directory+and+contents+are%0A++++++++++++++++++++++++++++++++++copied+into+the+project.'>
                    </docChild>
                    <docChild name='excludeFromBuild' summary='Flag+indicating+whether+file%0A++++++++++++++++++++++++++++++++++should+be+excluded+from+build+inside%0A++++++++++++++++++++++++++++++++++an+IDE+project'>
                    </docChild>
                    <docChild name='openOnCreation' summary='Flag+indicating+whether+the+file%0A++++++++++++++++++++++++++++++++++should+be+opened+when+a+project%0A++++++++++++++++++++++++++++++++++containing+the+example+file+is+created%0A++++++++++++++++++++++++++++++++++by+the+IDE.'>
                    </docChild>
                    <docChild name='copyIntoConfiguration' summary='Flag+indicating+whether+the+file%0A++++++++++++++++++++++++++++++++++should+be+copied+into+RTSC%0A++++++++++++++++++++++++++++++++++configuration.+This+flag%0A++++++++++++++++++++++++++++++++++applies+only+when+the+%3Ctt%3EisHybrid%3C%2Ftt%3E%0A++++++++++++++++++++++++++++++++++flag+of+the%0A++++++++++++++++++++++++++++++++++%3Ca+class%3D%22xdoc-link%22+href%3D%22Examples.html%23.Template.Info%22+title%3D%22TemplateInfo%22%3Etemplate%3C%2Fa%3E+is+set%0A++++++++++++++++++++++++++++++++++to+%3Ctt%3Efalse%3C%2Ftt%3E.'>
                    </docChild>
                    <docChild name='action' summary='Flag+indicating+whether+the+file%0A++++++++++++++++++++++++++++++++++should+be+copied+into+the+project+or%0A++++++++++++++++++++++++++++++++++linked+in.++For+example%2C+the%0A++++++++++++++++++++++++++++++++++%3Ctt%3E%3Ca+class%3D%22xdoc-link%22+href%3D%22..%2F..%2F..%2Fxdc%2Ftools%2Fproduct%2Ftrexgen%2Fpackage.html%22+title%3D%22xdc.tools.product.trexgen%22%3Etrexgen%3C%2Fa%3E%3C%2Ftt%3E%0A++++++++++++++++++++++++++++++++++tool+recognizes+the+following+flags%3A%0A++++++++++++++++++++++++++++++++++%22COPY%22+-+copy+the+file+into+the+project%0A++++++++++++++++++++++++++++++++++%22LINK%22+-+link+the+file+into+the+project'>
                    </docChild>
                    <docChild name='targetDirectory' summary='The+file+or+folder+from+the+%3Ctt%3Epath%3C%2Ftt%3E+field%0A++++++++++++++++++++++++++++++++++will+be+copied+into+this+target%0A++++++++++++++++++++++++++++++++++directory+within+the+project+folder.'>
                    </docChild>
                </docSect>
            </decl>
            <decl spacer='1'/>
            <decl kind='struct' name='Filter' anchor='.Filter' altext='ti.sysbios.examples.Examples.Filter' nodoc='0' external='1' overrides='0' readonly='0' instance='0' summary='Structure+defining+filter+properties+for+an+example' origin='%3Ca+class%3D%22xdoc-link%22+href%3D%22..%2F..%2F..%2Fxdc%2Ftools%2Fproduct%2FIProductTemplate.html%23.Filter%22+title%3D%22xdc.tools.product.IProductTemplate.Filter%22%3EIProductTemplate%3C%2Fa%3E'>
                <synopSpec>
                    <line tab='0' content='%3Cspan+class%3D%22xdoc-kw1%22%3Emetaonly+%3C%2Fspan%3E%3Cspan+class%3D%22xdoc-kw1%22%3Estruct%3C%2Fspan%3E+%3Cgo%3E%3Cspan+class%3D%22xdoc-id%22%3EFilter%3C%2Fspan%3E%3C%2Fgo%3E+%7B'/>
                    <line tab='1' content='%3Cspan+class%3D%22xdoc-kw2%22%3EString%3C%2Fspan%3E%26nbsp%3B%3Cgo%3E%3Cspan+class%3D%22xdoc-id%22%3EdeviceFamily%3C%2Fspan%3E%3C%2Fgo%3E%3B'/>
                    <line tab='1' content='%3Cspan+class%3D%22xdoc-kw2%22%3EString%3C%2Fspan%3E%26nbsp%3B%3Cgo%3E%3Cspan+class%3D%22xdoc-id%22%3EdeviceVariant%3C%2Fspan%3E%3C%2Fgo%3E%3B'/>
                    <line tab='1' content='%3Cspan+class%3D%22xdoc-kw2%22%3EString%3C%2Fspan%3E%26nbsp%3B%3Cgo%3E%3Cspan+class%3D%22xdoc-id%22%3EdeviceId%3C%2Fspan%3E%3C%2Fgo%3E%3B'/>
                    <line tab='1' content='%3Cspan+class%3D%22xdoc-kw2%22%3EString%3C%2Fspan%3E%26nbsp%3B%3Cgo%3E%3Cspan+class%3D%22xdoc-id%22%3Eendianness%3C%2Fspan%3E%3C%2Fgo%3E%3B'/>
                    <line tab='1' content='%3Cspan+class%3D%22xdoc-kw2%22%3EString%3C%2Fspan%3E%26nbsp%3B%3Cgo%3E%3Cspan+class%3D%22xdoc-id%22%3EtoolChain%3C%2Fspan%3E%3C%2Fgo%3E%3B'/>
                    <line tab='1' content='%3Cspan+class%3D%22xdoc-kw2%22%3EString%3C%2Fspan%3E%26nbsp%3B%3Cgo%3E%3Cspan+class%3D%22xdoc-id%22%3EoutputFormat%3C%2Fspan%3E%3C%2Fgo%3E%3B'/>
                    <line tab='0' content='%7D%3B'/>
                </synopSpec>
                <synopMeta>
                    <line tab='0' content='%3Cspan+class%3D%22xdoc-kw1%22%3Evar%3C%2Fspan%3E+%3Ci%3Eobj%3C%2Fi%3E+%3D+%3Cspan+class%3D%22xdoc-kw1%22%3Enew%3C%2Fspan%3E+%3Cgo%3EExamples.%3Cspan+class%3D%22xdoc-id%22%3EFilter%3C%2Fspan%3E%3C%2Fgo%3E%3B'/>
                    <line blank='1' always='0'/>
                    <line tab='1' content='%3Ci%3Eobj%3C%2Fi%3E.%3Cgo%3E%3Cspan+class%3D%22xdoc-id%22%3EdeviceFamily%3C%2Fspan%3E%3C%2Fgo%3E+%3D+%3Ci%3E%3Cspan+class%3D%22xdoc-kw2%22%3EString%3C%2Fspan%3E%3C%2Fi%3E%3Cb%3E%26nbsp%3B%26nbsp%3B...%3C%2Fb%3E'/>
                    <line tab='1' content='%3Ci%3Eobj%3C%2Fi%3E.%3Cgo%3E%3Cspan+class%3D%22xdoc-id%22%3EdeviceVariant%3C%2Fspan%3E%3C%2Fgo%3E+%3D+%3Ci%3E%3Cspan+class%3D%22xdoc-kw2%22%3EString%3C%2Fspan%3E%3C%2Fi%3E%3Cb%3E%26nbsp%3B%26nbsp%3B...%3C%2Fb%3E'/>
                    <line tab='1' content='%3Ci%3Eobj%3C%2Fi%3E.%3Cgo%3E%3Cspan+class%3D%22xdoc-id%22%3EdeviceId%3C%2Fspan%3E%3C%2Fgo%3E+%3D+%3Ci%3E%3Cspan+class%3D%22xdoc-kw2%22%3EString%3C%2Fspan%3E%3C%2Fi%3E%3Cb%3E%26nbsp%3B%26nbsp%3B...%3C%2Fb%3E'/>
                    <line tab='1' content='%3Ci%3Eobj%3C%2Fi%3E.%3Cgo%3E%3Cspan+class%3D%22xdoc-id%22%3Eendianness%3C%2Fspan%3E%3C%2Fgo%3E+%3D+%3Ci%3E%3Cspan+class%3D%22xdoc-kw2%22%3EString%3C%2Fspan%3E%3C%2Fi%3E%3Cb%3E%26nbsp%3B%26nbsp%3B...%3C%2Fb%3E'/>
                    <line tab='1' content='%3Ci%3Eobj%3C%2Fi%3E.%3Cgo%3E%3Cspan+class%3D%22xdoc-id%22%3EtoolChain%3C%2Fspan%3E%3C%2Fgo%3E+%3D+%3Ci%3E%3Cspan+class%3D%22xdoc-kw2%22%3EString%3C%2Fspan%3E%3C%2Fi%3E%3Cb%3E%26nbsp%3B%26nbsp%3B...%3C%2Fb%3E'/>
                    <line tab='1' content='%3Ci%3Eobj%3C%2Fi%3E.%3Cgo%3E%3Cspan+class%3D%22xdoc-id%22%3EoutputFormat%3C%2Fspan%3E%3C%2Fgo%3E+%3D+%3Ci%3E%3Cspan+class%3D%22xdoc-kw2%22%3EString%3C%2Fspan%3E%3C%2Fi%3E%3Cb%3E%26nbsp%3B%26nbsp%3B...%3C%2Fb%3E'/>
                </synopMeta>
                <docSect name='FIELDS'>
                    <docChild name='deviceFamily' summary='String+indicating+the+device+family+%0A+++++++++++++++++++++++++eg.+%22MSP430%22%2C%22C6000%22'>
                    </docChild>
                    <docChild name='deviceVariant' summary='String+indicating+device+variant%0A+++++++++++++++++++++++++eg.+%22C674X%22%2C+%22CortexA8%22'>
                    </docChild>
                    <docChild name='deviceId' summary='String+indicating+the+device+part+number%0A+++++++++++++++++++++++++eg.+%22TMS320C6747%22'>
                    </docChild>
                    <docChild name='endianness' summary='String+indicating+the+device+endianness%0A+++++++++++++++++++++++++eg.+%22little%22%2C+%22big%22'>
                    </docChild>
                    <docChild name='toolChain' summary='String+indicating+the+tool+chain%0A+++++++++++++++++++++++++eg.+%22TI%22%2C+%22GNU%22'>
                    </docChild>
                    <docChild name='outputFormat' summary='String+indicating+the+object+file+format%0A+++++++++++++++++++++++++eg.+%22COFF%22%2C+%22ELF%22'>
                    </docChild>
                </docSect>
                <docSect name='details'>
                    <docPara content='This+structure+allows+products+to+define+constraints+for+their%0A++examples.+IDEs+use+the+%3Ctt%3EFilter%3C%2Ftt%3E+properties+of+an+example%0A++to+decide+whether+the+example+should+be+presented+to+the+user.'/>
                    <docPara content='The+filter+is+evaluated+by+performing+an+%27AND%27+operation%0A++on+its+individual+elements.+In+other+words%2C+all+the+defined%0A++elements+must+evaluate+to+%3Ctt%3Etrue%3C%2Ftt%3E+for+the+filter+to+evaluate%0A++to+%3Ctt%3Etrue%3C%2Ftt%3E.'/>
                    <docPara content='Each+example+typically+defines+an+array+of+more+than+one+filter%3B%0A++see+%3Ca+class%3D%22xdoc-link%22+href%3D%22Examples.html%23.Template.Info%22+title%3D%22TemplateInfo%22%3ETemplateInfo.filterArr%3C%2Fa%3E.+This+filter+array%0A++is+evaluated+using+the+%27OR%27+operation.++In+other+words%2C+the+example%0A++is+presented+to+the+user+when+any+one+of+the+filters+evaluate%0A++to+%3Ctt%3Etrue%3C%2Ftt%3E.'/>
                    <docPara content='Each+filter+property+can+be+an+arbitrary+Java+regular+expression.%0A++In+addition%2C+each+allows+the+user+to+define+the+NOT+property%0A++by+inserting+a+%22%7E%22+character+at+the+start+of+the+string.+For%0A++example%2C+if+the+deviceFamily+field+is+set+to+%22%7EMSP430%22%2C+the+example%0A++will+be+displayed+for+all+device+families+except+%22MSP430%22.'/>
                </docSect>
            </decl>
            <decl spacer='1'/>
            <decl kind='struct' name='TemplateGroup' anchor='.Template.Group' altext='ti.sysbios.examples.Examples.TemplateGroup' nodoc='0' external='1' overrides='0' readonly='0' instance='0' summary='TemplateGroup+structure' origin='%3Ca+class%3D%22xdoc-link%22+href%3D%22..%2F..%2F..%2Fxdc%2Ftools%2Fproduct%2FIProductTemplate.html%23.Template.Group%22+title%3D%22xdc.tools.product.IProductTemplate.TemplateGroup%22%3EIProductTemplate%3C%2Fa%3E'>
                <synopSpec>
                    <line tab='0' content='%3Cspan+class%3D%22xdoc-kw1%22%3Emetaonly+%3C%2Fspan%3E%3Cspan+class%3D%22xdoc-kw1%22%3Estruct%3C%2Fspan%3E+%3Cgo%3E%3Cspan+class%3D%22xdoc-id%22%3ETemplateGroup%3C%2Fspan%3E%3C%2Fgo%3E+%7B'/>
                    <line tab='1' content='%3Cspan+class%3D%22xdoc-kw2%22%3EString%3C%2Fspan%3E%26nbsp%3B%3Cgo%3E%3Cspan+class%3D%22xdoc-id%22%3Eid%3C%2Fspan%3E%3C%2Fgo%3E%3B'/>
                    <line tab='1' content='%3Cspan+class%3D%22xdoc-kw2%22%3EString%3C%2Fspan%3E%26nbsp%3B%3Cgo%3E%3Cspan+class%3D%22xdoc-id%22%3Ename%3C%2Fspan%3E%3C%2Fgo%3E%3B'/>
                    <line tab='1' content='%3Cspan+class%3D%22xdoc-kw2%22%3EString%3C%2Fspan%3E%26nbsp%3B%3Cgo%3E%3Cspan+class%3D%22xdoc-id%22%3Edescription%3C%2Fspan%3E%3C%2Fgo%3E%3B'/>
                    <line tab='1' content='%3Cspan+class%3D%22xdoc-kw2%22%3EString%3C%2Fspan%3E%26nbsp%3B%3Cgo%3E%3Cspan+class%3D%22xdoc-id%22%3Egroups%3C%2Fspan%3E%3C%2Fgo%3E%5B%3Cspan+class%3D%22xdoc-kw2%22%3E%3C%2Fspan%3E%5D%3B'/>
                    <line tab='0' content='%7D%3B'/>
                </synopSpec>
                <synopMeta>
                    <line tab='0' content='%3Cspan+class%3D%22xdoc-kw1%22%3Evar%3C%2Fspan%3E+%3Ci%3Eobj%3C%2Fi%3E+%3D+%3Cspan+class%3D%22xdoc-kw1%22%3Enew%3C%2Fspan%3E+%3Cgo%3EExamples.%3Cspan+class%3D%22xdoc-id%22%3ETemplateGroup%3C%2Fspan%3E%3C%2Fgo%3E%3B'/>
                    <line blank='1' always='0'/>
                    <line tab='1' content='%3Ci%3Eobj%3C%2Fi%3E.%3Cgo%3E%3Cspan+class%3D%22xdoc-id%22%3Eid%3C%2Fspan%3E%3C%2Fgo%3E+%3D+%3Ci%3E%3Cspan+class%3D%22xdoc-kw2%22%3EString%3C%2Fspan%3E%3C%2Fi%3E%3Cb%3E%26nbsp%3B%26nbsp%3B...%3C%2Fb%3E'/>
                    <line tab='1' content='%3Ci%3Eobj%3C%2Fi%3E.%3Cgo%3E%3Cspan+class%3D%22xdoc-id%22%3Ename%3C%2Fspan%3E%3C%2Fgo%3E+%3D+%3Ci%3E%3Cspan+class%3D%22xdoc-kw2%22%3EString%3C%2Fspan%3E%3C%2Fi%3E%3Cb%3E%26nbsp%3B%26nbsp%3B...%3C%2Fb%3E'/>
                    <line tab='1' content='%3Ci%3Eobj%3C%2Fi%3E.%3Cgo%3E%3Cspan+class%3D%22xdoc-id%22%3Edescription%3C%2Fspan%3E%3C%2Fgo%3E+%3D+%3Ci%3E%3Cspan+class%3D%22xdoc-kw2%22%3EString%3C%2Fspan%3E%3C%2Fi%3E%3Cb%3E%26nbsp%3B%26nbsp%3B...%3C%2Fb%3E'/>
                    <line tab='1' content='%3Ci%3Eobj%3C%2Fi%3E.%3Cgo%3E%3Cspan+class%3D%22xdoc-id%22%3Egroups%3C%2Fspan%3E%3C%2Fgo%3E+%3D+%3Ci%3E%3Cspan+class%3D%22xdoc-kw2%22%3EString%3C%2Fspan%3E%5B%3Cspan+class%3D%22xdoc-kw2%22%3E%3C%2Fspan%3E%5D%3C%2Fi%3E%3Cb%3E%26nbsp%3B%26nbsp%3B...%3C%2Fb%3E'/>
                </synopMeta>
                <docSect name='FIELDS'>
                    <docChild name='id' summary='Unique+id+for+the+template+group'>
                    </docChild>
                    <docChild name='name' summary='Name+of+the+group'>
                    </docChild>
                    <docChild name='description' summary='Description+of+the+group'>
                    </docChild>
                    <docChild name='groups' summary='Array+of+group+ids+used+to+specify%0A+++++++++++++++++membership+of+other+groups.'>
                    </docChild>
                </docSect>
                <docSect name='details'>
                    <docPara content='This+structure+may+be+used+to+define+a+hierarchy+of+examples%0A++for+the+product.++Examples+may+be+logically+organized+into+groups+%0A++with+an+unique+%3Ctt%3Eid%3C%2Ftt%3E+and+may+specify+membership+of+other+groups%0A++by+referring+to+their+ids+in+the+%3Ctt%3Egroups%3C%2Ftt%3E+array.+In+this+manner+%0A++the+example+producer+can+define+a+tree+topology+of+examples+for+%0A++their+product.++Once+the+template+groups+are+defined%2C+the++%0A++individual+examples+may+specify+their+membership+within+a+template%0A++group+in+the+%3Ctt%3Egroups%3C%2Ftt%3E+array+of+%3Ca+class%3D%22xdoc-link%22+href%3D%22Examples.html%23.Template.Info%22+title%3D%22TemplateInfo%22%3ETemplateInfo%3C%2Fa%3E.++The+example%0A++provider+may+specify+all+the+defined+groups+for+their+product+in+%0A++%3Ca+class%3D%22xdoc-link%22+href%3D%22Examples.html%23template.Group.Arr%22+title%3D%22templateGroupArr%22%3EtemplateGroupArr%3C%2Fa%3E.'/>
                </docSect>
            </decl>
            <decl spacer='1'/>
            <decl kind='struct' name='TemplateInfo' anchor='.Template.Info' altext='ti.sysbios.examples.Examples.TemplateInfo' nodoc='0' external='1' overrides='0' readonly='0' instance='0' summary='TemplateInfo+structure' origin='%3Ca+class%3D%22xdoc-link%22+href%3D%22..%2F..%2F..%2Fxdc%2Ftools%2Fproduct%2FIProductTemplate.html%23.Template.Info%22+title%3D%22xdc.tools.product.IProductTemplate.TemplateInfo%22%3EIProductTemplate%3C%2Fa%3E'>
                <synopSpec>
                    <line tab='0' content='%3Cspan+class%3D%22xdoc-kw1%22%3Emetaonly+%3C%2Fspan%3E%3Cspan+class%3D%22xdoc-kw1%22%3Estruct%3C%2Fspan%3E+%3Cgo%3E%3Cspan+class%3D%22xdoc-id%22%3ETemplateInfo%3C%2Fspan%3E%3C%2Fgo%3E+%7B'/>
                    <line tab='1' comment='Title+of+this+example' content='%3Cspan+class%3D%22xdoc-kw2%22%3EString%3C%2Fspan%3E%26nbsp%3B%3Cgo%3E%3Cspan+class%3D%22xdoc-id%22%3Etitle%3C%2Fspan%3E%3C%2Fgo%3E%3B'/>
                    <line tab='1' comment='Name+of+the+project+imported+from%0A++this+template' content='%3Cspan+class%3D%22xdoc-kw2%22%3EString%3C%2Fspan%3E%26nbsp%3B%3Cgo%3E%3Cspan+class%3D%22xdoc-id%22%3Ename%3C%2Fspan%3E%3C%2Fgo%3E%3B'/>
                    <line tab='1' comment='List+of+files+along+with+properties+%0A++for+this+example' content='%3Ca+class%3D%22xdoc-link%22+href%3D%22..%2F..%2F..%2Fxdc%2Ftools%2Fproduct%2FIProductTemplate.html%23.File.Desc%22+title%3D%22xdc.tools.product.IProductTemplate.FileDesc%22%3EIProductTemplate.FileDesc%3C%2Fa%3E%26nbsp%3B%3Cgo%3E%3Cspan+class%3D%22xdoc-id%22%3EfileList%3C%2Fspan%3E%3C%2Fgo%3E%5B%3Cspan+class%3D%22xdoc-kw2%22%3E%3C%2Fspan%3E%5D%3B'/>
                    <line tab='1' comment='Description+of+this+example' content='%3Cspan+class%3D%22xdoc-kw2%22%3EString%3C%2Fspan%3E%26nbsp%3B%3Cgo%3E%3Cspan+class%3D%22xdoc-id%22%3Edescription%3C%2Fspan%3E%3C%2Fgo%3E%3B'/>
                    <line tab='1' comment='RTSC+target' content='%3Cspan+class%3D%22xdoc-kw2%22%3EString%3C%2Fspan%3E%26nbsp%3B%3Cgo%3E%3Cspan+class%3D%22xdoc-id%22%3Etarget%3C%2Fspan%3E%3C%2Fgo%3E%3B'/>
                    <line tab='1' comment='RTSC+platform' content='%3Cspan+class%3D%22xdoc-kw2%22%3EString%3C%2Fspan%3E%26nbsp%3B%3Cgo%3E%3Cspan+class%3D%22xdoc-id%22%3Eplatform%3C%2Fspan%3E%3C%2Fgo%3E%3B'/>
                    <line tab='1' comment='RTSC+build+profile' content='%3Cspan+class%3D%22xdoc-kw2%22%3EString%3C%2Fspan%3E%26nbsp%3B%3Cgo%3E%3Cspan+class%3D%22xdoc-id%22%3EbuildProfile%3C%2Fspan%3E%3C%2Fgo%3E%3B'/>
                    <line tab='1' comment='Linker+file+for+this+example' content='%3Cspan+class%3D%22xdoc-kw2%22%3EString%3C%2Fspan%3E%26nbsp%3B%3Cgo%3E%3Cspan+class%3D%22xdoc-id%22%3ElinkerCommandFile%3C%2Fspan%3E%3C%2Fgo%3E%3B'/>
                    <line tab='1' comment='Special+compiler+options' content='%3Cspan+class%3D%22xdoc-kw2%22%3EString%3C%2Fspan%3E%26nbsp%3B%3Cgo%3E%3Cspan+class%3D%22xdoc-id%22%3EcompilerBuildOptions%3C%2Fspan%3E%3C%2Fgo%3E%3B'/>
                    <line tab='1' comment='Special+linker+options' content='%3Cspan+class%3D%22xdoc-kw2%22%3EString%3C%2Fspan%3E%26nbsp%3B%3Cgo%3E%3Cspan+class%3D%22xdoc-id%22%3ElinkerBuildOptions%3C%2Fspan%3E%3C%2Fgo%3E%3B'/>
                    <line tab='1' comment='List+of+products+required+to+build%0A++this+example' content='%3Cspan+class%3D%22xdoc-kw2%22%3EString%3C%2Fspan%3E%26nbsp%3B%3Cgo%3E%3Cspan+class%3D%22xdoc-id%22%3ErequiredProducts%3C%2Fspan%3E%3C%2Fgo%3E%5B%3Cspan+class%3D%22xdoc-kw2%22%3E%3C%2Fspan%3E%5D%3B'/>
                    <line tab='1' comment='Version+of+xdctools+this+template%0A++requires+eg.+%273.24.6.63%27' content='%3Cspan+class%3D%22xdoc-kw2%22%3EString%3C%2Fspan%3E%26nbsp%3B%3Cgo%3E%3Cspan+class%3D%22xdoc-id%22%3ExdcToolsVersion%3C%2Fspan%3E%3C%2Fgo%3E%3B'/>
                    <line tab='1' comment='Array+of+group+ids+for+groups%0A+containing+this+example' content='%3Cspan+class%3D%22xdoc-kw2%22%3EString%3C%2Fspan%3E%26nbsp%3B%3Cgo%3E%3Cspan+class%3D%22xdoc-id%22%3Egroups%3C%2Fspan%3E%3C%2Fgo%3E%5B%3Cspan+class%3D%22xdoc-kw2%22%3E%3C%2Fspan%3E%5D%3B'/>
                    <line tab='1' content='%3Cspan+class%3D%22xdoc-kw2%22%3EBool%3C%2Fspan%3E%26nbsp%3B%3Cgo%3E%3Cspan+class%3D%22xdoc-id%22%3ElegacyTcf%3C%2Fspan%3E%3C%2Fgo%3E%3B'/>
                    <line tab='1' comment='configuro+options' content='%3Cspan+class%3D%22xdoc-kw2%22%3EString%3C%2Fspan%3E%26nbsp%3B%3Cgo%3E%3Cspan+class%3D%22xdoc-id%22%3EconfiguroOptions%3C%2Fspan%3E%3C%2Fgo%3E%3B'/>
                    <line tab='1' comment='Indicates+whether+only+a+RTSC%0A++configuration+project+should%0A++be+created+for+this+example' content='%3Cspan+class%3D%22xdoc-kw2%22%3EBool%3C%2Fspan%3E%26nbsp%3B%3Cgo%3E%3Cspan+class%3D%22xdoc-id%22%3EconfigOnly%3C%2Fspan%3E%3C%2Fgo%3E%3B'/>
                    <line tab='1' comment='Indicates+whether+application+and%0A+configuration+content+exists+in%0A+one+project' content='%3Cspan+class%3D%22xdoc-kw2%22%3EBool%3C%2Fspan%3E%26nbsp%3B%3Cgo%3E%3Cspan+class%3D%22xdoc-id%22%3EisHybrid%3C%2Fspan%3E%3C%2Fgo%3E%3B'/>
                    <line tab='1' comment='Indicates+whether+this+template%0A++can+be+applied+%22incrementally%22%0A++to+an+already+existing+project' content='%3Cspan+class%3D%22xdoc-kw2%22%3EBool%3C%2Fspan%3E%26nbsp%3B%3Cgo%3E%3Cspan+class%3D%22xdoc-id%22%3EisFragment%3C%2Fspan%3E%3C%2Fgo%3E%3B'/>
                    <line tab='1' comment='Array+of+filters+for+this+example' content='%3Ca+class%3D%22xdoc-link%22+href%3D%22..%2F..%2F..%2Fxdc%2Ftools%2Fproduct%2FIProductTemplate.html%23.Filter%22+title%3D%22xdc.tools.product.IProductTemplate.Filter%22%3EIProductTemplate.Filter%3C%2Fa%3E%26nbsp%3B%3Cgo%3E%3Cspan+class%3D%22xdoc-id%22%3EfilterArr%3C%2Fspan%3E%3C%2Fgo%3E%5B%3Cspan+class%3D%22xdoc-kw2%22%3E%3C%2Fspan%3E%5D%3B'/>
                    <line tab='1' comment='Comma+separated+attributes' content='%3Cspan+class%3D%22xdoc-kw2%22%3EString%3C%2Fspan%3E%26nbsp%3B%3Cgo%3E%3Cspan+class%3D%22xdoc-id%22%3Eoptions%3C%2Fspan%3E%3C%2Fgo%3E%3B'/>
                    <line tab='1' comment='Comma+separated+list+of+referenced%0A+project+names' content='%3Cspan+class%3D%22xdoc-kw2%22%3EString%3C%2Fspan%3E%26nbsp%3B%3Cgo%3E%3Cspan+class%3D%22xdoc-id%22%3Ereferences%3C%2Fspan%3E%3C%2Fgo%3E%3B'/>
                    <line tab='1' comment='Comma+seperated+list+of+build-command%0A+flags' content='%3Cspan+class%3D%22xdoc-kw2%22%3EString%3C%2Fspan%3E%26nbsp%3B%3Cgo%3E%3Cspan+class%3D%22xdoc-id%22%3EbuildCommandFlags%3C%2Fspan%3E%3C%2Fgo%3E%3B'/>
                    <line tab='1' comment='Flag+indicating+to+launch+the+New%0A+Project+Wizard+allowing+the+user+to%0A+adjust+the+details' content='%3Cspan+class%3D%22xdoc-kw2%22%3EBool%3C%2Fspan%3E%26nbsp%3B%3Cgo%3E%3Cspan+class%3D%22xdoc-id%22%3ElaunchWizard%3C%2Fspan%3E%3C%2Fgo%3E%3B'/>
                    <line tab='1' comment='Shell+cmd+to+run+before+the+build.%0A+Cmd+is+run+within+the+debug%2Frelease%0A+directory' content='%3Cspan+class%3D%22xdoc-kw2%22%3EString%3C%2Fspan%3E%26nbsp%3B%3Cgo%3E%3Cspan+class%3D%22xdoc-id%22%3EpreBuildStep%3C%2Fspan%3E%3C%2Fgo%3E%3B'/>
                    <line tab='1' comment='Shell+cmd+to+run+after+the+build.+Cmd%0A+is+run+within+the+debug%2Frelease%0A+directory' content='%3Cspan+class%3D%22xdoc-kw2%22%3EString%3C%2Fspan%3E%26nbsp%3B%3Cgo%3E%3Cspan+class%3D%22xdoc-id%22%3EpostBuildStep%3C%2Fspan%3E%3C%2Fgo%3E%3B'/>
                    <line tab='1' comment='type+of+project.++If+this+field+is%0A++not+set%2C+a+default+will+be+used+that%0A++is+based+on+other+settings.++If+it+is%0A++set+to+%22ccs%22%2C+the+project+will+be+a%0A++%22Code+Composer+Studio%22+project' content='%3Cspan+class%3D%22xdoc-kw2%22%3EString%3C%2Fspan%3E%26nbsp%3B%3Cgo%3E%3Cspan+class%3D%22xdoc-id%22%3EprojectType%3C%2Fspan%3E%3C%2Fgo%3E%3B'/>
                    <line tab='1' comment='type+of+output+produced+by+this%0A++project%3A+%22executable%22+or%0A++%22staticLibrary%22%2C+or+%22any%22.++The+%22any%22%0A++type+indicates+that+this+project%0A++template+applies+to+type+of+output%2C%0A++executable%2C+library%2C+etc' content='%3Cspan+class%3D%22xdoc-kw2%22%3EString%3C%2Fspan%3E%26nbsp%3B%3Cgo%3E%3Cspan+class%3D%22xdoc-id%22%3EoutputType%3C%2Fspan%3E%3C%2Fgo%3E%3B'/>
                    <line tab='0' content='%7D%3B'/>
                </synopSpec>
                <synopMeta>
                    <line tab='0' content='%3Cspan+class%3D%22xdoc-kw1%22%3Evar%3C%2Fspan%3E+%3Ci%3Eobj%3C%2Fi%3E+%3D+%3Cspan+class%3D%22xdoc-kw1%22%3Enew%3C%2Fspan%3E+%3Cgo%3EExamples.%3Cspan+class%3D%22xdoc-id%22%3ETemplateInfo%3C%2Fspan%3E%3C%2Fgo%3E%3B'/>
                    <line blank='1' always='0'/>
                    <line tab='1' comment='Title+of+this+example' content='%3Ci%3Eobj%3C%2Fi%3E.%3Cgo%3E%3Cspan+class%3D%22xdoc-id%22%3Etitle%3C%2Fspan%3E%3C%2Fgo%3E+%3D+%3Ci%3E%3Cspan+class%3D%22xdoc-kw2%22%3EString%3C%2Fspan%3E%3C%2Fi%3E%3Cb%3E%26nbsp%3B%26nbsp%3B...%3C%2Fb%3E'/>
                    <line tab='1' comment='Name+of+the+project+imported+from%0A++this+template' content='%3Ci%3Eobj%3C%2Fi%3E.%3Cgo%3E%3Cspan+class%3D%22xdoc-id%22%3Ename%3C%2Fspan%3E%3C%2Fgo%3E+%3D+%3Ci%3E%3Cspan+class%3D%22xdoc-kw2%22%3EString%3C%2Fspan%3E%3C%2Fi%3E%3Cb%3E%26nbsp%3B%26nbsp%3B...%3C%2Fb%3E'/>
                    <line tab='1' comment='List+of+files+along+with+properties+%0A++for+this+example' content='%3Ci%3Eobj%3C%2Fi%3E.%3Cgo%3E%3Cspan+class%3D%22xdoc-id%22%3EfileList%3C%2Fspan%3E%3C%2Fgo%3E+%3D+%3Ci%3E%3Ca+class%3D%22xdoc-link%22+href%3D%22..%2F..%2F..%2Fxdc%2Ftools%2Fproduct%2FIProductTemplate.html%23.File.Desc%22+title%3D%22xdc.tools.product.IProductTemplate.FileDesc%22%3EIProductTemplate.FileDesc%3C%2Fa%3E%5B%3Cspan+class%3D%22xdoc-kw2%22%3E%3C%2Fspan%3E%5D%3C%2Fi%3E%3Cb%3E%26nbsp%3B%26nbsp%3B...%3C%2Fb%3E'/>
                    <line tab='1' comment='Description+of+this+example' content='%3Ci%3Eobj%3C%2Fi%3E.%3Cgo%3E%3Cspan+class%3D%22xdoc-id%22%3Edescription%3C%2Fspan%3E%3C%2Fgo%3E+%3D+%3Ci%3E%3Cspan+class%3D%22xdoc-kw2%22%3EString%3C%2Fspan%3E%3C%2Fi%3E%3Cb%3E%26nbsp%3B%26nbsp%3B...%3C%2Fb%3E'/>
                    <line tab='1' comment='RTSC+target' content='%3Ci%3Eobj%3C%2Fi%3E.%3Cgo%3E%3Cspan+class%3D%22xdoc-id%22%3Etarget%3C%2Fspan%3E%3C%2Fgo%3E+%3D+%3Ci%3E%3Cspan+class%3D%22xdoc-kw2%22%3EString%3C%2Fspan%3E%3C%2Fi%3E%3Cb%3E%26nbsp%3B%26nbsp%3B...%3C%2Fb%3E'/>
                    <line tab='1' comment='RTSC+platform' content='%3Ci%3Eobj%3C%2Fi%3E.%3Cgo%3E%3Cspan+class%3D%22xdoc-id%22%3Eplatform%3C%2Fspan%3E%3C%2Fgo%3E+%3D+%3Ci%3E%3Cspan+class%3D%22xdoc-kw2%22%3EString%3C%2Fspan%3E%3C%2Fi%3E%3Cb%3E%26nbsp%3B%26nbsp%3B...%3C%2Fb%3E'/>
                    <line tab='1' comment='RTSC+build+profile' content='%3Ci%3Eobj%3C%2Fi%3E.%3Cgo%3E%3Cspan+class%3D%22xdoc-id%22%3EbuildProfile%3C%2Fspan%3E%3C%2Fgo%3E+%3D+%3Ci%3E%3Cspan+class%3D%22xdoc-kw2%22%3EString%3C%2Fspan%3E%3C%2Fi%3E%3Cb%3E%26nbsp%3B%26nbsp%3B...%3C%2Fb%3E'/>
                    <line tab='1' comment='Linker+file+for+this+example' content='%3Ci%3Eobj%3C%2Fi%3E.%3Cgo%3E%3Cspan+class%3D%22xdoc-id%22%3ElinkerCommandFile%3C%2Fspan%3E%3C%2Fgo%3E+%3D+%3Ci%3E%3Cspan+class%3D%22xdoc-kw2%22%3EString%3C%2Fspan%3E%3C%2Fi%3E%3Cb%3E%26nbsp%3B%26nbsp%3B...%3C%2Fb%3E'/>
                    <line tab='1' comment='Special+compiler+options' content='%3Ci%3Eobj%3C%2Fi%3E.%3Cgo%3E%3Cspan+class%3D%22xdoc-id%22%3EcompilerBuildOptions%3C%2Fspan%3E%3C%2Fgo%3E+%3D+%3Ci%3E%3Cspan+class%3D%22xdoc-kw2%22%3EString%3C%2Fspan%3E%3C%2Fi%3E%3Cb%3E%26nbsp%3B%26nbsp%3B...%3C%2Fb%3E'/>
                    <line tab='1' comment='Special+linker+options' content='%3Ci%3Eobj%3C%2Fi%3E.%3Cgo%3E%3Cspan+class%3D%22xdoc-id%22%3ElinkerBuildOptions%3C%2Fspan%3E%3C%2Fgo%3E+%3D+%3Ci%3E%3Cspan+class%3D%22xdoc-kw2%22%3EString%3C%2Fspan%3E%3C%2Fi%3E%3Cb%3E%26nbsp%3B%26nbsp%3B...%3C%2Fb%3E'/>
                    <line tab='1' comment='List+of+products+required+to+build%0A++this+example' content='%3Ci%3Eobj%3C%2Fi%3E.%3Cgo%3E%3Cspan+class%3D%22xdoc-id%22%3ErequiredProducts%3C%2Fspan%3E%3C%2Fgo%3E+%3D+%3Ci%3E%3Cspan+class%3D%22xdoc-kw2%22%3EString%3C%2Fspan%3E%5B%3Cspan+class%3D%22xdoc-kw2%22%3E%3C%2Fspan%3E%5D%3C%2Fi%3E%3Cb%3E%26nbsp%3B%26nbsp%3B...%3C%2Fb%3E'/>
                    <line tab='1' comment='Version+of+xdctools+this+template%0A++requires+eg.+%273.24.6.63%27' content='%3Ci%3Eobj%3C%2Fi%3E.%3Cgo%3E%3Cspan+class%3D%22xdoc-id%22%3ExdcToolsVersion%3C%2Fspan%3E%3C%2Fgo%3E+%3D+%3Ci%3E%3Cspan+class%3D%22xdoc-kw2%22%3EString%3C%2Fspan%3E%3C%2Fi%3E%3Cb%3E%26nbsp%3B%26nbsp%3B...%3C%2Fb%3E'/>
                    <line tab='1' comment='Array+of+group+ids+for+groups%0A+containing+this+example' content='%3Ci%3Eobj%3C%2Fi%3E.%3Cgo%3E%3Cspan+class%3D%22xdoc-id%22%3Egroups%3C%2Fspan%3E%3C%2Fgo%3E+%3D+%3Ci%3E%3Cspan+class%3D%22xdoc-kw2%22%3EString%3C%2Fspan%3E%5B%3Cspan+class%3D%22xdoc-kw2%22%3E%3C%2Fspan%3E%5D%3C%2Fi%3E%3Cb%3E%26nbsp%3B%26nbsp%3B...%3C%2Fb%3E'/>
                    <line tab='1' content='%3Ci%3Eobj%3C%2Fi%3E.%3Cgo%3E%3Cspan+class%3D%22xdoc-id%22%3ElegacyTcf%3C%2Fspan%3E%3C%2Fgo%3E+%3D+%3Ci%3E%3Cspan+class%3D%22xdoc-kw2%22%3EBool%3C%2Fspan%3E%3C%2Fi%3E%3Cb%3E%26nbsp%3B%26nbsp%3B...%3C%2Fb%3E'/>
                    <line tab='1' comment='configuro+options' content='%3Ci%3Eobj%3C%2Fi%3E.%3Cgo%3E%3Cspan+class%3D%22xdoc-id%22%3EconfiguroOptions%3C%2Fspan%3E%3C%2Fgo%3E+%3D+%3Ci%3E%3Cspan+class%3D%22xdoc-kw2%22%3EString%3C%2Fspan%3E%3C%2Fi%3E%3Cb%3E%26nbsp%3B%26nbsp%3B...%3C%2Fb%3E'/>
                    <line tab='1' comment='Indicates+whether+only+a+RTSC%0A++configuration+project+should%0A++be+created+for+this+example' content='%3Ci%3Eobj%3C%2Fi%3E.%3Cgo%3E%3Cspan+class%3D%22xdoc-id%22%3EconfigOnly%3C%2Fspan%3E%3C%2Fgo%3E+%3D+%3Ci%3E%3Cspan+class%3D%22xdoc-kw2%22%3EBool%3C%2Fspan%3E%3C%2Fi%3E%3Cb%3E%26nbsp%3B%26nbsp%3B...%3C%2Fb%3E'/>
                    <line tab='1' comment='Indicates+whether+application+and%0A+configuration+content+exists+in%0A+one+project' content='%3Ci%3Eobj%3C%2Fi%3E.%3Cgo%3E%3Cspan+class%3D%22xdoc-id%22%3EisHybrid%3C%2Fspan%3E%3C%2Fgo%3E+%3D+%3Ci%3E%3Cspan+class%3D%22xdoc-kw2%22%3EBool%3C%2Fspan%3E%3C%2Fi%3E%3Cb%3E%26nbsp%3B%26nbsp%3B...%3C%2Fb%3E'/>
                    <line tab='1' comment='Indicates+whether+this+template%0A++can+be+applied+%22incrementally%22%0A++to+an+already+existing+project' content='%3Ci%3Eobj%3C%2Fi%3E.%3Cgo%3E%3Cspan+class%3D%22xdoc-id%22%3EisFragment%3C%2Fspan%3E%3C%2Fgo%3E+%3D+%3Ci%3E%3Cspan+class%3D%22xdoc-kw2%22%3EBool%3C%2Fspan%3E%3C%2Fi%3E%3Cb%3E%26nbsp%3B%26nbsp%3B...%3C%2Fb%3E'/>
                    <line tab='1' comment='Array+of+filters+for+this+example' content='%3Ci%3Eobj%3C%2Fi%3E.%3Cgo%3E%3Cspan+class%3D%22xdoc-id%22%3EfilterArr%3C%2Fspan%3E%3C%2Fgo%3E+%3D+%3Ci%3E%3Ca+class%3D%22xdoc-link%22+href%3D%22..%2F..%2F..%2Fxdc%2Ftools%2Fproduct%2FIProductTemplate.html%23.Filter%22+title%3D%22xdc.tools.product.IProductTemplate.Filter%22%3EIProductTemplate.Filter%3C%2Fa%3E%5B%3Cspan+class%3D%22xdoc-kw2%22%3E%3C%2Fspan%3E%5D%3C%2Fi%3E%3Cb%3E%26nbsp%3B%26nbsp%3B...%3C%2Fb%3E'/>
                    <line tab='1' comment='Comma+separated+attributes' content='%3Ci%3Eobj%3C%2Fi%3E.%3Cgo%3E%3Cspan+class%3D%22xdoc-id%22%3Eoptions%3C%2Fspan%3E%3C%2Fgo%3E+%3D+%3Ci%3E%3Cspan+class%3D%22xdoc-kw2%22%3EString%3C%2Fspan%3E%3C%2Fi%3E%3Cb%3E%26nbsp%3B%26nbsp%3B...%3C%2Fb%3E'/>
                    <line tab='1' comment='Comma+separated+list+of+referenced%0A+project+names' content='%3Ci%3Eobj%3C%2Fi%3E.%3Cgo%3E%3Cspan+class%3D%22xdoc-id%22%3Ereferences%3C%2Fspan%3E%3C%2Fgo%3E+%3D+%3Ci%3E%3Cspan+class%3D%22xdoc-kw2%22%3EString%3C%2Fspan%3E%3C%2Fi%3E%3Cb%3E%26nbsp%3B%26nbsp%3B...%3C%2Fb%3E'/>
                    <line tab='1' comment='Comma+seperated+list+of+build-command%0A+flags' content='%3Ci%3Eobj%3C%2Fi%3E.%3Cgo%3E%3Cspan+class%3D%22xdoc-id%22%3EbuildCommandFlags%3C%2Fspan%3E%3C%2Fgo%3E+%3D+%3Ci%3E%3Cspan+class%3D%22xdoc-kw2%22%3EString%3C%2Fspan%3E%3C%2Fi%3E%3Cb%3E%26nbsp%3B%26nbsp%3B...%3C%2Fb%3E'/>
                    <line tab='1' comment='Flag+indicating+to+launch+the+New%0A+Project+Wizard+allowing+the+user+to%0A+adjust+the+details' content='%3Ci%3Eobj%3C%2Fi%3E.%3Cgo%3E%3Cspan+class%3D%22xdoc-id%22%3ElaunchWizard%3C%2Fspan%3E%3C%2Fgo%3E+%3D+%3Ci%3E%3Cspan+class%3D%22xdoc-kw2%22%3EBool%3C%2Fspan%3E%3C%2Fi%3E%3Cb%3E%26nbsp%3B%26nbsp%3B...%3C%2Fb%3E'/>
                    <line tab='1' comment='Shell+cmd+to+run+before+the+build.%0A+Cmd+is+run+within+the+debug%2Frelease%0A+directory' content='%3Ci%3Eobj%3C%2Fi%3E.%3Cgo%3E%3Cspan+class%3D%22xdoc-id%22%3EpreBuildStep%3C%2Fspan%3E%3C%2Fgo%3E+%3D+%3Ci%3E%3Cspan+class%3D%22xdoc-kw2%22%3EString%3C%2Fspan%3E%3C%2Fi%3E%3Cb%3E%26nbsp%3B%26nbsp%3B...%3C%2Fb%3E'/>
                    <line tab='1' comment='Shell+cmd+to+run+after+the+build.+Cmd%0A+is+run+within+the+debug%2Frelease%0A+directory' content='%3Ci%3Eobj%3C%2Fi%3E.%3Cgo%3E%3Cspan+class%3D%22xdoc-id%22%3EpostBuildStep%3C%2Fspan%3E%3C%2Fgo%3E+%3D+%3Ci%3E%3Cspan+class%3D%22xdoc-kw2%22%3EString%3C%2Fspan%3E%3C%2Fi%3E%3Cb%3E%26nbsp%3B%26nbsp%3B...%3C%2Fb%3E'/>
                    <line tab='1' comment='type+of+project.++If+this+field+is%0A++not+set%2C+a+default+will+be+used+that%0A++is+based+on+other+settings.++If+it+is%0A++set+to+%22ccs%22%2C+the+project+will+be+a%0A++%22Code+Composer+Studio%22+project' content='%3Ci%3Eobj%3C%2Fi%3E.%3Cgo%3E%3Cspan+class%3D%22xdoc-id%22%3EprojectType%3C%2Fspan%3E%3C%2Fgo%3E+%3D+%3Ci%3E%3Cspan+class%3D%22xdoc-kw2%22%3EString%3C%2Fspan%3E%3C%2Fi%3E%3Cb%3E%26nbsp%3B%26nbsp%3B...%3C%2Fb%3E'/>
                    <line tab='1' comment='type+of+output+produced+by+this%0A++project%3A+%22executable%22+or%0A++%22staticLibrary%22%2C+or+%22any%22.++The+%22any%22%0A++type+indicates+that+this+project%0A++template+applies+to+type+of+output%2C%0A++executable%2C+library%2C+etc' content='%3Ci%3Eobj%3C%2Fi%3E.%3Cgo%3E%3Cspan+class%3D%22xdoc-id%22%3EoutputType%3C%2Fspan%3E%3C%2Fgo%3E+%3D+%3Ci%3E%3Cspan+class%3D%22xdoc-kw2%22%3EString%3C%2Fspan%3E%3C%2Fi%3E%3Cb%3E%26nbsp%3B%26nbsp%3B...%3C%2Fb%3E'/>
                </synopMeta>
                <docSect name='FIELDS'>
                    <docChild name='title' summary='String+containing+the+title+of+the+template'>
                    </docChild>
                    <docChild name='name' summary='String+containing+the+name+of+the+project%0A++++++++++++++++++++++++++++created+from+this+template'>
                    </docChild>
                    <docChild name='fileList' summary='Array+of+%3Ca+class%3D%22xdoc-link%22+href%3D%22Examples.html%23.File.Desc%22+title%3D%22FileDesc%22%3EFileDesc%3C%2Fa%3E+defining+the%0A++++++++++++++++++++++++++++properties+of+the+files+contributed+by+this%0A++++++++++++++++++++++++++++example.'>
                    </docChild>
                    <docChild name='description' summary='String+containing++description+of+example'>
                    </docChild>
                    <docChild name='target' summary='String+containing+RTSC+target'>
                    </docChild>
                    <docChild name='platform' summary='String+containing+RTSC+platform'>
                    </docChild>
                    <docChild name='buildProfile' summary='String+containing+RTSC+build+profile'>
                    </docChild>
                    <docChild name='linkerCommandFile' summary='Linker+command+file+for+the+example.+If%0A++++++++++++++++++++++++++++this+is+set+to+the+empty+string+then+no%0A++++++++++++++++++++++++++++linker+command+file+is+added+by+the+IDE%0A++++++++++++++++++++++++++++to+the+example.+If+this+is+not+defined+%0A++++++++++++++++++++++++++++then+the+wizard+picks+the+default%0A++++++++++++++++++++++++++++linker+command+file+for+the+selected+device.'>
                    </docChild>
                    <docChild name='compilerBuildOptions' summary='Special+compiler+options+required+to%0A+++++++++++++++++++++++++++++++build+template.+For+example+the+template%0A+++++++++++++++++++++++++++++++may+need+special+-I+and+-D+options%0A+++++++++++++++++++++++++++++++to+build+and+these+may+be+specified%0A+++++++++++++++++++++++++++++++here.'>
                    </docChild>
                    <docChild name='linkerBuildOptions' summary='Special+linker+options+to+build+template'>
                    </docChild>
                    <docChild name='requiredProducts' summary='Products+required+to+build+this%0A++++++++++++++++++++++++++++example.+Products+are++identified+by%0A++++++++++++++++++++++++++++their+globally+unique+%0A++++++++++++++++++++++++++++%3Ca+class%3D%22xdoc-link%22+href%3D%22..%2F..%2F..%2Fxdc%2Ftools%2Fproduct%2FIProduct.html%23id%22+title%3D%22xdc.tools.product.IProduct.id%22%3Exdc.tools.product.IProduct.id%3C%2Fa%3E+%0A++++++++++++++++++++++++++++eg.+%27com.ti.bios%27.+Dependency+on+a+%0A++++++++++++++++++++++++++++minimum+version+of+a+product+may+be%0A++++++++++++++++++++++++++++defined+in+the+following+manner%0A++++++++++++++++++++++++++++%3A+%26lt%3Bproduct-id%26gt%3B%3A%26lt%3Bmin-version%26gt%3B'>
                    </docChild>
                    <docChild name='xdcToolsVersion' summary='String+containing+XDCTools+the+exact+version%0A++++++++++++++++++++++++++++required+eg.+%273.24.6.63%27.++Note+that+this%0A++++++++++++++++++++++++++++number+must+be+an+%27eclipse%27+version+number%3A%0A++++++++++++++++++++++++++++no+leading+0%27s+in+the+first+three+segments%0A++++++++++++++++++++++++++++and+the+forth+is+treated+as+an+arbitrary%0A++++++++++++++++++++++++++++string.'>
                        <docPara content='If+this+string+is+%3Ctt%3Eundefined%3C%2Ftt%3E%2C+any%0A++++++++++++++++++++++++++++version+of+XDCtools+will+be+allowed.'/>
                        <docPara content='If+the+exact+version+doesn%27t+exist+for+some%0A++++++++++++++++++++++++++++reason%2C+the+project+will+still+be%0A++++++++++++++++++++++++++++created%2C+but+the+project+will+give+a+%27this%0A++++++++++++++++++++++++++++version+of+XDCtools+doesn%27t+exist%27+warning.%0A++++++++++++++++++++++++++++The+user+can+then+select+a+version+that+is%0A++++++++++++++++++++++++++++hopefully+compatible.'/>
                    </docChild>
                    <docChild name='groups' summary='Array+of+strings+referring+example+groups%0A++++++++++++++++++++++++++++that+a+particular+example+may%0A++++++++++++++++++++++++++++belong.+Products+may%0A++++++++++++++++++++++++++++provide+examples+that+are+part+of+an%0A++++++++++++++++++++++++++++existing+example+group+eg.%22Empty+Projects%22+%0A++++++++++++++++++++++++++++that+are+defined+elsewhere.+The%0A++++++++++++++++++++++++++++groups+are+identified+by+an+unique+id.'>
                    </docChild>
                    <docChild name='configOnly' summary='Flag+indicating+to+the+IDE%0A++++++++++++++++++++++++++++whether+example+contributes+only%0A++++++++++++++++++++++++++++to+a+RTSC+configuration+project.'>
                    </docChild>
                    <docChild name='configuroOptions' summary='This+string+contains+options+that+are+passed%0A++++++++++++++++++++++++++++to+%3Ctt%3Exdc.tools.configuro%3C%2Ftt%3E.++You+must+be%0A++++++++++++++++++++++++++++careful+to+quote+embedded+special+characters%0A++++++++++++++++++++++++++++in+this+string+in+such+a+way+that+they+can%0A++++++++++++++++++++++++++++be+directly+embedded+in+an+XML+file.++For%0A++++++++++++++++++++++++++++example%2C+to+pass+%27-foo+%22bar%22%27+to+%3Ctt%3Econfiguro%3C%2Ftt%3E%0A++++++++++++++++++++++++++++you+must+use+the+string%0A++++++++++++++++++++++++++++%27-foo+%26amp%3Bquot%3Bbar%26amp%3Bquot%3B%27.'>
                    </docChild>
                    <docChild name='isHybrid' summary='Flag+indicating+to+the+IDE+%0A++++++++++++++++++++++++++++whether+example+contains+RTSC+%0A++++++++++++++++++++++++++++configuration++and+target+%0A++++++++++++++++++++++++++++content+files+in+one+project.%0A++++++++++++++++++++++++++++If+this+field+is+set+to+%3Ctt%3Etrue%3C%2Ftt%3E+%0A++++++++++++++++++++++++++++then+the+IDE+consuming+this+example+will+%0A++++++++++++++++++++++++++++create+one+project+with+all+the%0A++++++++++++++++++++++++++++files.+Otherwise+multiple+projects+will+%0A++++++++++++++++++++++++++++be+created+-+one+containing+the%0A++++++++++++++++++++++++++++target+content+and+the+other+containing+%0A++++++++++++++++++++++++++++the+RTSC+configuration+files.+This+flag%0A++++++++++++++++++++++++++++is+applies+only+when+%3Ctt%3EconfigOnly%3C%2Ftt%3E%0A++++++++++++++++++++++++++++flag+is+set+to+%3Ctt%3Efalse%3C%2Ftt%3E.'>
                    </docChild>
                    <docChild name='filterArr' summary='Array+of+%3Ca+class%3D%22xdoc-link%22+href%3D%22Examples.html%23.Filter%22+title%3D%22Filter%22%3EFilter%3C%2Fa%3E.+Used+to+specify%0A++++++++++++++++++++++++++++the+constraints+for+a+particular%0A++++++++++++++++++++++++++++example.+The+filter+array+is+evaluated+using%0A++++++++++++++++++++++++++++an+OR+operation+on+the+individual+array%0A++++++++++++++++++++++++++++elements.+Note+that+individual+elements+%0A++++++++++++++++++++++++++++within+a+%3Ca+class%3D%22xdoc-link%22+href%3D%22Examples.html%23.Filter%22+title%3D%22Filter%22%3Efilter%3C%2Fa%3E+is+evaluated%0A++++++++++++++++++++++++++++with+the+%27AND%27+operation.'>
                    </docChild>
                    <docChild name='options' summary='Comma+separated+list+of+options+used+to%0A++++++++++++++++++++++++++++specify+various+configurable+items+for+this%0A++++++++++++++++++++++++++++template.++For+example%2C+the%0A++++++++++++++++++++++++++++%3Ctt%3E%3Ca+class%3D%22xdoc-link%22+href%3D%22..%2F..%2F..%2Fxdc%2Ftools%2Fproduct%2Ftrexgen%2Fpackage.html%22+title%3D%22xdc.tools.product.trexgen%22%3Etrexgen%3C%2Fa%3E%3C%2Ftt%3E+%0A++++++++++++++++++++++++++++tool+recognizes+the+following+flags%3A%0A++++++++++++++++++++++++++++++++%22NPW%22+-+display+this+example+in+the+New%0A++++++++++++++++++++++++++++++++++++++++Project+Wizard%2C+and%0A++++++++++++++++++++++++++++++++%22TREX%22+-+display+this+example+in+the%0A+++++++++++++++++++++++++++++++++++++++++Resource+Explorer'>
                    </docChild>
                    <docChild name='references' summary='Comma+separated+list+of+referenced+project%0A++++++++++++++++++++++++++++names'>
                    </docChild>
                    <docChild name='buildCommandFlags' summary='Comma+separated+list+of+build-command+flags.'>
                    </docChild>
                    <docChild name='launchWizard' summary='Flag+indicating+to+launch+the+New+Project%0A++++++++++++++++++++++++++++wizard+allowing+the+user+to+adjust+the%0A++++++++++++++++++++++++++++details.'>
                    </docChild>
                    <docChild name='preBuildStep' summary='Shell+cmd+to+run+before+the+build.+Cmd+is%0A++++++++++++++++++++++++++++run+within+the+debug%2Frelease+directory'>
                    </docChild>
                    <docChild name='postBuildStep' summary='Shell+cmd+to+run+after+the+build.+Cmd+is+run%0A++++++++++++++++++++++++++++within+the+debug%2Frelease+directory'>
                    </docChild>
                </docSect>
            </decl>
        </group>
        <group name='module-wide config parameters'>
            <decl spacer='1'/>
            <decl spacer='1'/>
            <decl spacer='1'/>
            <decl kind='config' name='templateArr' anchor='template.Arr' altext='ti.sysbios.examples.Examples.templateArr' nodoc='0' external='1' overrides='0' readonly='0' instance='0' summary='Examples+contained+in+the+product' origin='%3Ca+class%3D%22xdoc-link%22+href%3D%22..%2F..%2F..%2Fxdc%2Ftools%2Fproduct%2FIProductTemplate.html%23template.Arr%22+title%3D%22xdc.tools.product.IProductTemplate.templateArr%22%3EIProductTemplate%3C%2Fa%3E'>
                <synopSpec>
                    <line tab='0' content='%3Cspan+class%3D%22xdoc-kw1%22%3Econfig%3C%2Fspan%3E+%3Ca+class%3D%22xdoc-link%22+href%3D%22..%2F..%2F..%2Fxdc%2Ftools%2Fproduct%2FIProductTemplate.html%23.Template.Info%22+title%3D%22xdc.tools.product.IProductTemplate.TemplateInfo%22%3EIProductTemplate.TemplateInfo%3C%2Fa%3E%26nbsp%3B%3Cgo%3E%3Cspan+class%3D%22xdoc-id%22%3EtemplateArr%3C%2Fspan%3E%3C%2Fgo%3E%5B%3Cspan+class%3D%22xdoc-kw2%22%3E%3C%2Fspan%3E%5D%3B'/>
                </synopSpec>
                <synopMeta>
                    <line tab='0' content='%3Cgo%3EExamples.%3Cspan+class%3D%22xdoc-id%22%3EtemplateArr%3C%2Fspan%3E%3C%2Fgo%3E+%3D+%3Ci%3E%3Ca+class%3D%22xdoc-link%22+href%3D%22..%2F..%2F..%2Fxdc%2Ftools%2Fproduct%2FIProductTemplate.html%23.Template.Info%22+title%3D%22xdc.tools.product.IProductTemplate.TemplateInfo%22%3EIProductTemplate.TemplateInfo%3C%2Fa%3E%5B%3Cspan+class%3D%22xdoc-kw2%22%3E%3C%2Fspan%3E%5D%3C%2Fi%3E+%3Cspan+class%3D%22xdoc-kw2%22%3Eundefined%3C%2Fspan%3E%3B'/>
                </synopMeta>
            </decl>
            <decl kind='config' name='templateGroupArr' anchor='template.Group.Arr' altext='ti.sysbios.examples.Examples.templateGroupArr' nodoc='0' external='1' overrides='0' readonly='0' instance='0' summary='Array+of+template+group+ids' origin='%3Ca+class%3D%22xdoc-link%22+href%3D%22..%2F..%2F..%2Fxdc%2Ftools%2Fproduct%2FIProductTemplate.html%23template.Group.Arr%22+title%3D%22xdc.tools.product.IProductTemplate.templateGroupArr%22%3EIProductTemplate%3C%2Fa%3E'>
                <synopSpec>
                    <line tab='0' content='%3Cspan+class%3D%22xdoc-kw1%22%3Econfig%3C%2Fspan%3E+%3Ca+class%3D%22xdoc-link%22+href%3D%22..%2F..%2F..%2Fxdc%2Ftools%2Fproduct%2FIProductTemplate.html%23.Template.Group%22+title%3D%22xdc.tools.product.IProductTemplate.TemplateGroup%22%3EIProductTemplate.TemplateGroup%3C%2Fa%3E%26nbsp%3B%3Cgo%3E%3Cspan+class%3D%22xdoc-id%22%3EtemplateGroupArr%3C%2Fspan%3E%3C%2Fgo%3E%5B%3Cspan+class%3D%22xdoc-kw2%22%3E%3C%2Fspan%3E%5D+%3D+%255B%2B%255D%3B'/>
                </synopSpec>
                <synopMeta>
                    <line tab='0' content='%3Cgo%3EExamples.%3Cspan+class%3D%22xdoc-id%22%3EtemplateGroupArr%3C%2Fspan%3E%3C%2Fgo%3E+%3D+%3Ci%3E%3Ca+class%3D%22xdoc-link%22+href%3D%22..%2F..%2F..%2Fxdc%2Ftools%2Fproduct%2FIProductTemplate.html%23.Template.Group%22+title%3D%22xdc.tools.product.IProductTemplate.TemplateGroup%22%3EIProductTemplate.TemplateGroup%3C%2Fa%3E%5B%3Cspan+class%3D%22xdoc-kw2%22%3E%3C%2Fspan%3E%5D%3C%2Fi%3E+%255B%2B%255D%3B'/>
                </synopMeta>
                <docSect name='details'>
                    <docPara content='This+array+may+be+optionally+specified+by+Products+that%0A++organize+their+examples+into+groups.'/>
                </docSect>
            </decl>
        </group>
        <group name='module-wide data'>
        </group>
        <group name='module-wide functions'>
            <decl spacer='1'/>
        </group>
    </unit>
</package>
